X,Y,Z
0.9558988,1.192093E-07,-0.2936969
0.6372658,0.3333334,-0.1957979
0.414594,0.3333333,0.221323
0.733227,7.916242E-08,0.123424
0.9558982,1.192093E-07,-0.2936988
0.6372658,0.3333334,-0.1957979
0.477949,0.5,-0.1468494
0.9558982,1.192093E-07,-0.2936988
0.477949,0.5,-0.1468494
0.3279866,5.913898E-08,-0.6238299
0.2186577,0.3333333,-0.4158866
0.3279866,5.913898E-08,-0.6238299
0.9558982,1.192093E-07,-0.2936988
0.3279866,5.913898E-08,-0.6238299
0.9558982,1.192093E-07,-0.2936988
0.9558982,1.192093E-07,-0.2936988
0.3279859,5.913898E-08,-0.6238297
0.9558988,1.192093E-07,-0.2936969
0.733227,7.916242E-08,0.123424
0.621891,5.913898E-08,0.3319845
0.9558982,1.192093E-07,-0.2936988
0.3279858,5.913898E-08,-0.6238302
0.9558982,1.192093E-07,-0.2936988
0.9558988,1.192093E-07,-0.2936969
0.621891,5.913898E-08,0.3319845
0.9558982,1.192093E-07,-0.2936988
0.3279856,5.913898E-08,-0.6238307
0.9558982,1.192093E-07,-0.2936988
0.9558988,1.192093E-07,-0.2936969
0.621891,5.913898E-08,0.3319845
0.9558982,1.192093E-07,-0.2936988
0.3279856,5.913898E-08,-0.6238307
0.9558982,1.192093E-07,-0.2936988
0.9558988,1.192093E-07,-0.2936969
0.621891,5.913898E-08,0.3319845
0.9558982,1.192093E-07,-0.2936988
0.3279856,5.913898E-08,-0.6238307
0.9558982,1.192093E-07,-0.2936988
0.9558985,1.192093E-07,-0.2936978
0.6218908,5.913898E-08,0.331984
0.9558988,1.192093E-07,-0.2936969
0.3279856,5.913898E-08,-0.6238307
0.9558982,1.192093E-07,-0.2936988
0.9558985,1.192093E-07,-0.2936978
0.6218908,5.913898E-08,0.331984
0.9558988,1.192093E-07,-0.2936969
0.3279856,5.913898E-08,-0.6238307
0.9558988,1.192093E-07,-0.2936969
0.9558982,1.192093E-07,-0.2936988
0.6218907,5.913898E-08,0.3319835
0.9558988,1.192093E-07,-0.2936969
0.3279856,5.913898E-08,-0.6238307
0.9558988,1.192093E-07,-0.2936969
0.9558982,1.192093E-07,-0.2936988
0.6218907,5.913898E-08,0.3319835
0.9558988,1.192093E-07,-0.2936969
0.2186571,-0.3333333,-0.4158871
0.4779491,-0.4999999,-0.1468494
0.9558988,1.192093E-07,-0.2936969
0.9558982,1.192093E-07,-0.2936988
0.6218907,5.913898E-08,0.3319835
0.9558988,1.192093E-07,-0.2936969
0.4779494,-0.4999999,-0.1468485
0.9558982,1.192093E-07,-0.2936988
0.6218907,5.913898E-08,0.3319835
0.4779494,-0.4999999,-0.1468485
0.4145938,-0.3333333,0.2213223
-0.9492977,-1.192093E-07,0.314379
-0.6192912,-5.937181E-08,-0.3214322
-0.7292933,-7.931764E-08,-0.1094951
-0.9492977,-1.192093E-07,0.314379
-0.6192912,-5.937181E-08,-0.3214322
-0.9492977,-1.192093E-07,0.3143789
-0.9492977,-1.192093E-07,0.3143789
-0.9492977,-1.192093E-07,0.314379
-0.9492977,-1.192093E-07,0.3143789
-0.6192912,-5.937181E-08,-0.3214322
-0.9492977,-1.192093E-07,0.3143789
-0.9492977,-1.192093E-07,0.314379
-0.6192912,-5.937181E-08,-0.3214322
-0.9492977,-1.192093E-07,0.314379
-0.6192912,-5.937181E-08,-0.3214322
-0.9492977,-1.192093E-07,0.3143789
-0.9492977,-1.192093E-07,0.314379
-0.6192912,-5.937181E-08,-0.3214322
-0.949298,-1.192093E-07,0.314378
-0.9492977,-1.192093E-07,0.314379
-0.6192912,-5.937181E-08,-0.3214322
-0.949298,-1.192093E-07,0.314378
-0.9492977,-1.192093E-07,0.314379
-0.6192912,-5.937181E-08,-0.3214322
-0.9492987,-1.192093E-07,0.3143761
-0.9492977,-1.192093E-07,0.314379
-0.6192912,-5.937181E-08,-0.3214322
-0.9492987,-1.192093E-07,0.3143761
-0.9492977,-1.192093E-07,0.314379
-0.6192912,-5.937181E-08,-0.3214322
-0.9492984,-1.192093E-07,0.314377
-0.9492977,-1.192093E-07,0.314379
-0.4128609,0.3333333,-0.2142881
-0.4746489,0.4999999,0.1571895
-0.9492984,-1.192093E-07,0.314377
-0.9492984,-1.192093E-07,0.314377
-0.4746493,0.4999999,0.1571885
-0.9492984,-1.192093E-07,0.314377
-0.4746493,0.4999999,0.1571885
-0.9492984,-1.192093E-07,0.314377
-0.3253743,-5.937181E-08,0.6343867
-0.2169162,0.3333333,0.4229244
-0.3253743,-5.937181E-08,0.6343867
-0.3253743,-5.937181E-08,0.6343867
-0.9492984,-1.192093E-07,0.314377
-0.3253743,-5.937181E-08,0.6343867
-0.9492987,-1.192093E-07,0.3143761
-0.3253743,-5.937181E-08,0.6343867
-0.9492987,-1.192093E-07,0.3143761
-0.3253748,-5.937181E-08,0.6343853
-0.949298,-1.192093E-07,0.314378
-0.3253748,-5.937181E-08,0.6343853
-0.949298,-1.192093E-07,0.314378
-0.3253747,-5.937181E-08,0.6343857
-0.9492977,-1.192093E-07,0.3143789
-0.3253747,-5.937181E-08,0.6343857
-0.9492977,-1.192093E-07,0.3143789
-0.3253747,-5.937181E-08,0.6343857
-0.9492977,-1.192093E-07,0.3143789
-0.3253747,-5.937181E-08,0.6343857
-0.9492981,-1.192093E-07,0.3143779
-0.9492977,-1.192093E-07,0.3143789
-0.9492981,-1.192093E-07,0.3143779
-0.2169164,-0.3333333,0.4229238
-0.6328654,-0.3333334,0.2095853
-0.6328654,-0.3333334,0.2095853
-0.6328651,-0.3333334,0.2095859
-0.6328651,-0.3333334,0.2095859
-0.4746488,-0.5,0.1571895
-0.7292933,-7.931764E-08,-0.1094951
-0.4128608,-0.3333333,-0.2142882
0.3188803,0.003570523,-0.6338969
-0.1542333,0.4989271,-0.5061567
0.2119594,0.3347972,-0.447266
-0.3107221,-0.000231076,-0.950501
0.3188806,0.003570702,-0.6338961
-0.1542333,0.4989271,-0.5061567
-0.3103865,-0.0002297834,-0.9506107
0.3190485,0.00357203,-0.6339508
-0.3107221,-0.000231076,-0.950501
-0.1497133,0.4996579,-0.4921928
-0.3103865,-0.0002297834,-0.9506107
0.3190485,0.003571911,-0.6339509
-0.3103865,-0.0002297834,-0.9506107
-0.3107203,-4.609302E-05,-0.9505016
-0.4221846,0.3333179,-0.2188637
-0.6332767,-2.310611E-05,-0.3282956
-0.3103835,-4.540198E-05,-0.9506116
-0.6331083,-2.276059E-05,-0.3283506
-0.3100545,-0.0002285149,-0.950719
0.319213,0.003572502,-0.6340046
-0.3103865,-0.0002297834,-0.9506107
-0.3103835,-4.540198E-05,-0.9506116
-0.6331083,-2.276059E-05,-0.3283506
-0.3100545,-0.0002285149,-0.950719
0.3192127,0.003572443,-0.6340054
-0.3100545,-0.0002285149,-0.950719
-0.3100505,-4.543923E-05,-0.9507203
-0.6329418,-2.277922E-05,-0.328405
-0.3097253,-0.000226194,-0.9508263
0.3193759,0.003573929,-0.6340586
-0.3100545,-0.0002285149,-0.950719
-0.3100505,-4.543923E-05,-0.9507203
-0.6329418,-2.277922E-05,-0.328405
-0.3097253,-0.000226194,-0.9508263
0.3194579,0.003574654,-0.6340843
-0.3097253,-0.000226194,-0.9508263
-0.3097241,-4.512072E-05,-0.9508267
-0.6327786,-2.261996E-05,-0.3284582
-0.3094034,-0.0002246145,-0.9509311
0.3195367,0.003575207,-0.63411
-0.3097253,-0.000226194,-0.9508263
-0.3097241,-4.512072E-05,-0.9508267
-0.6327786,-2.261996E-05,-0.3284582
-0.3094034,-0.0002246145,-0.9509311
0.3195364,0.003575088,-0.6341107
-0.3094034,-0.0002246145,-0.9509311
-0.3094012,-4.481338E-05,-0.9509319
-0.6326172,-2.246629E-05,-0.3285108
-0.3090833,-0.0002230555,-0.9510352
0.3196947,0.003575993,-0.6341621
-0.3094034,-0.0002246145,-0.9509311
-0.3094012,-4.481338E-05,-0.9509319
-0.6326172,-2.246629E-05,-0.3285108
-0.3090833,-0.0002230555,-0.9510352
0.2227927,-0.3301732,-0.4021954
-0.1429276,-0.4995103,-0.4539236
-0.3090833,-0.0002230555,-0.9510352
-0.3090837,-4.449487E-05,-0.9510351
-0.6324584,-2.230704E-05,-0.3285624
-0.3090833,-0.0002230555,-0.9510352
-0.1429276,-0.4995103,-0.4539236
-0.3090837,-4.449487E-05,-0.9510351
-0.6324584,-2.230704E-05,-0.3285624
-0.1496963,-0.4999992,-0.4750574
-0.3138064,-0.4999996,-0.1640511
-0.3227514,-5.867332E-08,0.6241196
0.1546451,0.5,0.475484
-0.2151677,0.3333333,0.4160797
0.3092903,1.862645E-09,0.9509679
-0.3227514,-5.867332E-08,0.6241196
0.1546451,0.5,0.475484
0.3092904,1.862645E-09,0.9509679
-0.3227514,-5.867332E-08,0.6241196
0.3092903,1.862645E-09,0.9509679
0.1546451,0.5,0.475484
0.3092904,1.862645E-09,0.9509679
-0.3227514,-5.867332E-08,0.6241196
0.3092904,1.862645E-09,0.9509679
0.3092903,1.862645E-09,0.9509679
0.4217078,0.3333334,0.2190192
0.6325617,6.053597E-08,0.3285288
0.3092903,1.862645E-09,0.9509679
0.6325617,6.053597E-08,0.3285288
0.3092904,1.862645E-09,0.9509679
-0.3227514,-5.867332E-08,0.6241196
0.3092904,1.862645E-09,0.9509679
0.3092903,1.862645E-09,0.9509679
0.6325617,6.053597E-08,0.3285288
0.3092904,1.862645E-09,0.9509679
-0.3227514,-5.867332E-08,0.6241196
0.3092904,1.862645E-09,0.9509679
0.3092903,1.862645E-09,0.9509679
0.6325617,6.053597E-08,0.3285288
0.3092904,1.862645E-09,0.9509679
-0.3227514,-5.867332E-08,0.6241196
0.3092904,1.862645E-09,0.9509679
0.3092903,1.862645E-09,0.9509679
0.6325617,6.053597E-08,0.3285288
0.3092904,1.862645E-09,0.9509679
-0.3227514,-5.867332E-08,0.6241196
0.3092904,1.862645E-09,0.9509679
0.3092903,1.862645E-09,0.9509679
0.6325617,6.053597E-08,0.3285288
0.3092904,1.862645E-09,0.9509678
-0.3227514,-5.867332E-08,0.6241196
0.3092904,1.862645E-09,0.9509679
0.3092903,1.862645E-09,0.9509679
0.6325617,6.053597E-08,0.3285288
0.3092904,1.862645E-09,0.9509678
-0.3227514,-5.867332E-08,0.6241196
0.3092904,1.862645E-09,0.9509678
0.3092903,1.862645E-09,0.9509679
0.6325617,6.053597E-08,0.3285288
0.3092904,1.862645E-09,0.9509678
-0.3227514,-5.867332E-08,0.6241196
0.3092904,1.862645E-09,0.9509678
0.3092903,1.862645E-09,0.9509679
0.6325617,6.053597E-08,0.3285288
0.3092904,1.862645E-09,0.9509678
-0.2151676,-0.3333333,0.4160797
0.1546452,-0.5,0.4754839
0.3092904,1.862645E-09,0.9509678
0.3092903,1.862645E-09,0.9509679
0.6325617,6.053597E-08,0.3285288
0.3092904,1.862645E-09,0.9509678
0.1546452,-0.5,0.4754839
0.3092903,1.862645E-09,0.9509679
0.6325617,6.053597E-08,0.3285288
0.1546452,-0.5,0.4754839
0.4217079,-0.3333333,0.2190192
0.6430352,-0.3275774,-0.191438
-0.1429276,-0.4995103,-0.4539236
0.2227927,-0.3301732,-0.4021954
0.02307006,-0.9987983,0.04323922
0.6430351,-0.3275774,-0.1914381
-0.1429276,-0.4995103,-0.4539236
0.03130209,-0.9982411,0.04910015
0.645683,-0.3275512,-0.1926391
0.03013241,-0.9988217,0.03803914
0.4211112,-0.3300132,0.2336265
0.1543932,-0.4993726,0.498309
0.02145268,-0.9992056,0.03137262
0.03130209,-0.9982411,0.04910015
0.03013241,-0.9988217,0.03803914
0.02871097,-0.9991926,0.02467723
0.1543932,-0.4993726,0.498309
0.02145268,-0.9992056,0.03137262
-0.1496963,-0.4999992,-0.4750574
0.009535493,-0.999954,0.0009708395
-0.3138064,-0.4999996,-0.1640511
0.01787769,-0.9997222,0.005191446
0.004767803,-0.999977,0.0004854022
0.01787769,-0.9997222,0.005191446
0.02871097,-0.9991926,0.02467723
0.01592008,-0.9998316,-0.009123132
0.01592008,-0.9998316,-0.009123132
0.1471163,-0.4998419,0.4732796
0.01592008,-0.9998316,-0.009123132
0.4166886,-0.3332279,0.2175496
1.139442E-07,-0.9999999,-3.503685E-08
0.4779166,-0.4999999,-0.1469552
1.139442E-07,-0.9999999,-3.503685E-08
1.139442E-07,-0.9999999,-3.503685E-08
0.4779166,-0.4999999,-0.1469552
1.139442E-07,-0.9999999,-3.503685E-08
0.004767803,-0.999977,0.0004854022
1.139442E-07,-0.9999999,-3.503685E-08
1.139442E-07,-0.9999999,-3.503685E-08
0.4779166,-0.4999999,-0.1469552
-0.4779165,-0.5,0.1469551
-0.3138064,-0.4999996,-0.1640511
-0.4779165,-0.5,0.1469551
1.139442E-07,-0.9999999,-3.503685E-08
-0.4779165,-0.5,0.1469551
1.139442E-07,-0.9999999,-3.503685E-08
-0.4779165,-0.5,0.1469551
1.139442E-07,-0.9999999,-3.503685E-08
1.139442E-07,-0.9999999,-3.503685E-08
-0.4779165,-0.5,0.1469551
1.139442E-07,-0.9999999,-3.503685E-08
1.139442E-07,-0.9999999,-3.503685E-08
-0.4779165,-0.5,0.1469551
1.139442E-07,-0.9999999,-3.503685E-08
0.4779166,-0.4999999,-0.1469552
1.139442E-07,-0.9999999,-3.503685E-08
-0.4779165,-0.5,0.1469551
1.139442E-07,-0.9999999,-3.503685E-08
1.139442E-07,-0.9999999,-3.503685E-08
0.4779166,-0.4999999,-0.1469552
1.139442E-07,-0.9999999,-3.503685E-08
-0.4779165,-0.5,0.1469551
1.139442E-07,-0.9999999,-3.503685E-08
1.139442E-07,-0.9999999,-3.503685E-08
0.4779166,-0.4999999,-0.1469552
1.139442E-07,-0.9999999,-3.503685E-08
-0.4779165,-0.5,0.1469551
1.139442E-07,-0.9999999,-3.503685E-08
1.139442E-07,-0.9999999,-3.503685E-08
0.4779166,-0.4999999,-0.1469552
1.139442E-07,-0.9999999,-3.503685E-08
-0.4779165,-0.5,0.1469551
1.139442E-07,-0.9999999,-3.503685E-08
1.139442E-07,-0.9999999,-3.503685E-08
0.4779166,-0.4999999,-0.1469552
1.139442E-07,-0.9999999,-3.503685E-08
-0.4779165,-0.5,0.1469551
1.139442E-07,-0.9999999,-3.503685E-08
1.139442E-07,-0.9999999,-3.503685E-08
0.4779166,-0.4999999,-0.1469552
1.139442E-07,-0.9999999,-3.503685E-08
-0.4779165,-0.5,0.1469551
1.139442E-07,-0.9999999,-3.503685E-08
1.139442E-07,-0.9999999,-3.503685E-08
0.4779166,-0.4999999,-0.1469552
1.139442E-07,-0.9999999,-3.503685E-08
-0.4779165,-0.5,0.1469551
1.139442E-07,-0.9999999,-3.503685E-08
1.139442E-07,-0.9999999,-3.503685E-08
0.4779166,-0.4999999,-0.1469552
1.139442E-07,-0.9999999,-3.503685E-08
-0.4779165,-0.5,0.1469551
1.139442E-07,-0.9999999,-3.503685E-08
1.139442E-07,-0.9999999,-3.503685E-08
0.4779166,-0.4999999,-0.1469552
1.139442E-07,-0.9999999,-3.503685E-08
-0.4779165,-0.5,0.1469551
1.139442E-07,-0.9999999,-3.503685E-08
1.139442E-07,-0.9999999,-3.503685E-08
0.4779166,-0.4999999,-0.1469552
1.139442E-07,-0.9999999,-3.503685E-08
-0.4779165,-0.5,0.1469551
1.139442E-07,-0.9999999,-3.503685E-08
1.139442E-07,-0.9999999,-3.503685E-08
0.4779166,-0.4999999,-0.1469552
1.139442E-07,-0.9999999,-3.503685E-08
-0.4779165,-0.5,0.1469551
1.139442E-07,-0.9999999,-3.503685E-08
1.139442E-07,-0.9999999,-3.503685E-08
0.4779166,-0.4999999,-0.1469552
1.139442E-07,-0.9999999,-3.503685E-08
-0.4779165,-0.5,0.1469551
1.139442E-07,-0.9999999,-3.503685E-08
1.139442E-07,-0.9999999,-3.503685E-08
0.4779166,-0.4999999,-0.1469552
1.139442E-07,-0.9999999,-3.503685E-08
-0.4779165,-0.5,0.1469551
1.139442E-07,-0.9999999,-3.503685E-08
1.139442E-07,-0.9999999,-3.503685E-08
0.4779166,-0.4999999,-0.1469552
1.139442E-07,-0.9999999,-3.503685E-08
-0.4779165,-0.5,0.1469551
1.139442E-07,-0.9999999,-3.503685E-08
1.139442E-07,-0.9999999,-3.503685E-08
0.4779166,-0.4999999,-0.1469552
1.139442E-07,-0.9999999,-3.503685E-08
-0.4779165,-0.5,0.1469551
1.139442E-07,-0.9999999,-3.503685E-08
1.139442E-07,-0.9999999,-3.503685E-08
0.4779166,-0.4999999,-0.1469552
1.139442E-07,-0.9999999,-3.503685E-08
-0.4779165,-0.5,0.1469551
1.139442E-07,-0.9999999,-3.503685E-08
1.139442E-07,-0.9999999,-3.503685E-08
0.4779166,-0.4999999,-0.1469552
1.139442E-07,-0.9999999,-3.503685E-08
-0.4779165,-0.5,0.1469551
1.139442E-07,-0.9999999,-3.503685E-08
1.139442E-07,-0.9999999,-3.503685E-08
0.4779166,-0.4999999,-0.1469552
1.139442E-07,-0.9999999,-3.503685E-08
-0.2206409,-0.3333333,0.4165812
1.139442E-07,-0.9999999,-3.503685E-08
1.139442E-07,-0.9999999,-3.503685E-08
0.4779166,-0.4999999,-0.1469552
1.139442E-07,-0.9999999,-3.503685E-08
0.1469553,-0.5,0.4779166
1.139442E-07,-0.9999999,-3.503685E-08
1.139442E-07,-0.9999999,-3.503685E-08
0.4779166,-0.4999999,-0.1469552
1.139442E-07,-0.9999999,-3.503685E-08
0.1469553,-0.5,0.4779166
1.139442E-07,-0.9999999,-3.503685E-08
1.139442E-07,-0.9999999,-3.503685E-08
0.220641,-0.3333333,-0.4165812
1.139442E-07,-0.9999999,-3.503685E-08
0.1469553,-0.5,0.4779166
1.139442E-07,-0.9999999,-3.503685E-08
1.139442E-07,-0.9999999,-3.503685E-08
-0.1469551,-0.5,-0.4779166
1.139442E-07,-0.9999999,-3.503685E-08
0.1469553,-0.5,0.4779166
1.139442E-07,-0.9999999,-3.503685E-08
1.139442E-07,-0.9999999,-3.503685E-08
-0.1469551,-0.5,-0.4779166
1.139442E-07,-0.9999999,-3.503685E-08
0.1469553,-0.5,0.4779166
1.139442E-07,-0.9999999,-3.503685E-08
1.139442E-07,-0.9999999,-3.503685E-08
-0.1469551,-0.5,-0.4779166
1.139442E-07,-0.9999999,-3.503685E-08
0.1469553,-0.5,0.4779166
1.139442E-07,-0.9999999,-3.503685E-08
1.139442E-07,-0.9999999,-3.503685E-08
-0.1469551,-0.5,-0.4779166
1.139442E-07,-0.9999999,-3.503685E-08
0.1469553,-0.5,0.4779166
1.139442E-07,-0.9999999,-3.503685E-08
1.139442E-07,-0.9999999,-3.503685E-08
-0.1469551,-0.5,-0.4779166
1.139442E-07,-0.9999999,-3.503685E-08
0.1469553,-0.5,0.4779166
1.139442E-07,-0.9999999,-3.503685E-08
1.139442E-07,-0.9999999,-3.503685E-08
-0.1469551,-0.5,-0.4779166
1.139442E-07,-0.9999999,-3.503685E-08
0.1469553,-0.5,0.4779166
1.139442E-07,-0.9999999,-3.503685E-08
1.139442E-07,-0.9999999,-3.503685E-08
-0.1469551,-0.5,-0.4779166
1.139442E-07,-0.9999999,-3.503685E-08
0.1469553,-0.5,0.4779166
1.139442E-07,-0.9999999,-3.503685E-08
1.139442E-07,-0.9999999,-3.503685E-08
-0.1469551,-0.5,-0.4779166
1.139442E-07,-0.9999999,-3.503685E-08
0.1469553,-0.5,0.4779166
1.139442E-07,-0.9999999,-3.503685E-08
1.139442E-07,-0.9999999,-3.503685E-08
-0.1469551,-0.5,-0.4779166
1.139442E-07,-0.9999999,-3.503685E-08
0.143941,-0.5,0.4788331
1.139442E-07,-0.9999999,-3.503685E-08
1.139442E-07,-0.9999999,-3.503685E-08
-0.1469551,-0.5,-0.4779166
1.139442E-07,-0.9999999,-3.503685E-08
0.1439403,-0.5,0.4788333
1.139442E-07,-0.9999999,-3.503685E-08
1.139442E-07,-0.9999999,-3.503685E-08
-0.1469551,-0.5,-0.4779166
1.139442E-07,-0.9999999,-3.503685E-08
0.1439403,-0.5,0.4788333
1.139442E-07,-0.9999999,-3.503685E-08
1.139442E-07,-0.9999999,-3.503685E-08
-0.1499634,-0.5,-0.4769813
1.139442E-07,-0.9999999,-3.503685E-08
0.1439417,-0.5,0.4788329
1.139442E-07,-0.9999999,-3.503685E-08
1.139442E-07,-0.9999999,-3.503685E-08
-0.1499634,-0.5,-0.4769813
1.139442E-07,-0.9999999,-3.503685E-08
0.4145938,-0.3333333,0.2213223
0.4779494,-0.4999999,-0.1468485
1.139442E-07,-0.9999999,-3.503685E-08
1.139442E-07,-0.9999999,-3.503685E-08
-0.1499641,-0.5,-0.4769811
1.139442E-07,-0.9999999,-3.503685E-08
0.4779494,-0.4999999,-0.1468485
1.139442E-07,-0.9999999,-3.503685E-08
-0.1499641,-0.5,-0.4769811
0.4779491,-0.4999999,-0.1468494
0.2186571,-0.3333333,-0.4158871
0.7237602,0.005001595,0.1090228
0.1543932,-0.4993726,0.498309
0.4211112,-0.3300132,0.2336265
0.2746012,5.516782E-05,0.9615583
0.6114823,0.003770784,0.3221542
0.1543932,-0.4993726,0.498309
0.2746961,5.544536E-05,0.9615313
0.6115301,0.003771288,0.3221405
0.2746012,5.516782E-05,0.9615583
0.1471163,-0.4998419,0.4732796
0.2746961,5.544536E-05,0.9615313
0.6115302,0.003771288,0.3221406
0.2746961,5.544536E-05,0.9615313
0.2746025,1.097843E-05,0.9615581
0.4166886,-0.3332279,0.2175496
0.6152178,5.54882E-06,0.3338239
0.2746959,1.105107E-05,0.9615314
0.6152645,5.585141E-06,0.3338105
0.2747902,5.626492E-05,0.9615044
0.6115786,0.003771196,0.3221258
0.2746961,5.544536E-05,0.9615313
0.2746959,1.105107E-05,0.9615314
0.6152645,5.585141E-06,0.3338105
0.2747902,5.626492E-05,0.9615044
0.6115788,0.003771315,0.3221267
0.2747902,5.626492E-05,0.9615044
0.2747909,1.115166E-05,0.9615043
0.615312,5.635433E-06,0.333797
0.2748894,5.656295E-05,0.9614761
0.6116278,0.003771744,0.3221127
0.2747902,5.626492E-05,0.9615044
0.2747909,1.115166E-05,0.9615043
0.615312,5.635433E-06,0.333797
0.2748894,5.656295E-05,0.9614761
0.6116522,0.003772001,0.3221057
0.2748894,5.656295E-05,0.9614761
0.2748887,1.124665E-05,0.9614764
0.6153609,5.68293E-06,0.333783
0.2749879,5.685911E-05,0.9614479
0.6116769,0.003772357,0.3220986
0.2748894,5.656295E-05,0.9614761
0.2748887,1.124665E-05,0.9614764
0.6153609,5.68293E-06,0.333783
0.2749879,5.685911E-05,0.9614479
0.6116766,0.003772118,0.3220977
0.2749879,5.685911E-05,0.9614479
0.274987,1.133233E-05,0.9614482
0.6154101,5.725771E-06,0.3337689
0.275087,5.771033E-05,0.9614196
0.6117284,0.00377228,0.3220829
0.2749879,5.685911E-05,0.9614479
0.274987,1.133233E-05,0.9614482
0.6154101,5.725771E-06,0.3337689
0.275087,5.771033E-05,0.9614196
0.404591,0.3350039,0.1912323
0.1327278,0.4987623,0.4454678
0.275087,5.771033E-05,0.9614196
0.2750881,1.161173E-05,0.9614193
0.6154606,5.86547E-06,0.3337545
0.275087,5.771033E-05,0.9614196
0.137139,0.4996217,0.4605367
0.2750881,1.161173E-05,0.9614193
0.6154606,5.86547E-06,0.3337545
0.1371389,0.4995987,0.4605367
0.4103241,0.3333372,0.2224981
-0.6151561,-5.867332E-08,-0.3320123
-0.4101041,0.3333333,-0.2213415
-0.1377601,0.5,-0.4806477
-0.2755201,1.862645E-09,-0.9612955
-0.6151561,-5.867332E-08,-0.3320123
-0.1377601,0.5,-0.4806477
-0.2755201,1.862645E-09,-0.9612955
-0.6151561,-5.867332E-08,-0.3320123
-0.2755201,1.862645E-09,-0.9612955
-0.1377596,0.5,-0.4806479
-0.2755201,1.862645E-09,-0.9612955
-0.6151561,-5.867332E-08,-0.3320123
-0.2755201,1.862645E-09,-0.9612955
-0.275519,1.862645E-09,-0.9612959
-0.4104507,0.3333333,-0.2224618
-0.615676,-5.867332E-08,-0.3336928
-0.275519,1.862645E-09,-0.9612959
-0.615676,-5.867332E-08,-0.3336928
-0.2755201,1.862645E-09,-0.9612955
-0.6151561,-5.867332E-08,-0.3320123
-0.2755201,1.862645E-09,-0.9612955
-0.275519,1.862645E-09,-0.9612959
-0.615676,-5.867332E-08,-0.3336928
-0.2755201,1.862645E-09,-0.9612955
-0.6151561,-5.867332E-08,-0.3320123
-0.2755201,1.862645E-09,-0.9612955
-0.275519,1.862645E-09,-0.9612959
-0.615676,-5.867332E-08,-0.3336928
-0.2755201,1.862645E-09,-0.9612955
-0.6151561,-5.867332E-08,-0.3320123
-0.2755201,1.862645E-09,-0.9612955
-0.275519,1.862645E-09,-0.9612959
-0.615676,-5.867332E-08,-0.3336928
-0.2755201,1.862645E-09,-0.9612955
-0.6151561,-5.867332E-08,-0.3320123
-0.2755201,1.862645E-09,-0.9612955
-0.275519,1.862645E-09,-0.9612959
-0.615676,-5.867332E-08,-0.3336928
-0.2755201,1.862645E-09,-0.9612955
-0.6151561,-5.867332E-08,-0.3320123
-0.2755201,1.862645E-09,-0.9612955
-0.275519,1.862645E-09,-0.9612959
-0.615676,-5.867332E-08,-0.3336928
-0.2755201,1.862645E-09,-0.9612955
-0.6151561,-5.867332E-08,-0.3320123
-0.2755201,1.862645E-09,-0.9612955
-0.275519,1.862645E-09,-0.9612959
-0.615676,-5.867332E-08,-0.3336928
-0.2755201,1.862645E-09,-0.9612955
-0.6151561,-5.867332E-08,-0.3320123
-0.2755201,1.862645E-09,-0.9612955
-0.275519,1.862645E-09,-0.9612959
-0.615676,-5.867332E-08,-0.3336928
-0.2755201,1.862645E-09,-0.9612955
-0.410104,-0.3333333,-0.2213416
-0.1377594,-0.5,-0.480648
-0.2755201,1.862645E-09,-0.9612955
-0.275519,1.862645E-09,-0.9612959
-0.615676,-5.867332E-08,-0.3336928
-0.2755201,1.862645E-09,-0.9612955
-0.13776,-0.5,-0.4806478
-0.275519,1.862645E-09,-0.9612959
-0.615676,-5.867332E-08,-0.3336928
-0.13776,-0.5,-0.4806478
-0.4104507,-0.3333333,-0.2224619
-0.4773965,-0.5,0.1486356
0.1546452,-0.5,0.4754839
-0.2151676,-0.3333333,0.4160797
1.139442E-07,-0.9999999,-3.503685E-08
-0.4773965,-0.5,0.1486356
0.1546452,-0.5,0.4754839
1.139442E-07,-0.9999999,-3.503685E-08
-0.4773965,-0.5,0.1486356
1.139442E-07,-0.9999999,-3.503685E-08
0.1546452,-0.5,0.4754839
1.139442E-07,-0.9999999,-3.503685E-08
-0.410104,-0.3333333,-0.2213416
-0.1377594,-0.5,-0.480648
1.139442E-07,-0.9999999,-3.503685E-08
1.139442E-07,-0.9999999,-3.503685E-08
0.4217079,-0.3333333,0.2190192
1.139442E-07,-0.9999999,-3.503685E-08
-0.13776,-0.5,-0.4806478
1.139442E-07,-0.9999999,-3.503685E-08
1.139442E-07,-0.9999999,-3.503685E-08
-0.13776,-0.5,-0.4806478
1.139442E-07,-0.9999999,-3.503685E-08
1.139442E-07,-0.9999999,-3.503685E-08
-0.4104507,-0.3333333,-0.2224619
-0.4779165,-0.5,0.1469551
1.139442E-07,-0.9999999,-3.503685E-08
1.139442E-07,-0.9999999,-3.503685E-08
-0.4779165,-0.5,0.1469551
1.139442E-07,-0.9999999,-3.503685E-08
0.4779166,-0.4999999,-0.1469552
1.139442E-07,-0.9999999,-3.503685E-08
1.139442E-07,-0.9999999,-3.503685E-08
-0.4779165,-0.5,0.1469551
1.139442E-07,-0.9999999,-3.503685E-08
0.4779166,-0.4999999,-0.1469552
1.139442E-07,-0.9999999,-3.503685E-08
1.139442E-07,-0.9999999,-3.503685E-08
-0.4779165,-0.5,0.1469551
1.139442E-07,-0.9999999,-3.503685E-08
0.4779166,-0.4999999,-0.1469552
1.139442E-07,-0.9999999,-3.503685E-08
1.139442E-07,-0.9999999,-3.503685E-08
-0.4779165,-0.5,0.1469551
1.139442E-07,-0.9999999,-3.503685E-08
0.4779166,-0.4999999,-0.1469552
1.139442E-07,-0.9999999,-3.503685E-08
1.139442E-07,-0.9999999,-3.503685E-08
-0.4779165,-0.5,0.1469551
1.139442E-07,-0.9999999,-3.503685E-08
0.4779166,-0.4999999,-0.1469552
1.139442E-07,-0.9999999,-3.503685E-08
1.139442E-07,-0.9999999,-3.503685E-08
-0.4779165,-0.5,0.1469551
1.139442E-07,-0.9999999,-3.503685E-08
0.4779166,-0.4999999,-0.1469552
1.139442E-07,-0.9999999,-3.503685E-08
1.139442E-07,-0.9999999,-3.503685E-08
-0.4779165,-0.5,0.1469551
1.139442E-07,-0.9999999,-3.503685E-08
0.4779166,-0.4999999,-0.1469552
1.139442E-07,-0.9999999,-3.503685E-08
1.139442E-07,-0.9999999,-3.503685E-08
-0.4779165,-0.5,0.1469551
1.139442E-07,-0.9999999,-3.503685E-08
0.4779166,-0.4999999,-0.1469552
1.139442E-07,-0.9999999,-3.503685E-08
1.139442E-07,-0.9999999,-3.503685E-08
-0.4779165,-0.5,0.1469551
1.139442E-07,-0.9999999,-3.503685E-08
0.4779166,-0.4999999,-0.1469552
1.139442E-07,-0.9999999,-3.503685E-08
1.139442E-07,-0.9999999,-3.503685E-08
-0.4779165,-0.5,0.1469551
1.139442E-07,-0.9999999,-3.503685E-08
0.4779166,-0.4999999,-0.1469552
1.139442E-07,-0.9999999,-3.503685E-08
1.139442E-07,-0.9999999,-3.503685E-08
-0.4779165,-0.5,0.1469551
1.139442E-07,-0.9999999,-3.503685E-08
0.4779166,-0.4999999,-0.1469552
1.139442E-07,-0.9999999,-3.503685E-08
1.139442E-07,-0.9999999,-3.503685E-08
-0.4779165,-0.5,0.1469551
1.139442E-07,-0.9999999,-3.503685E-08
0.4779166,-0.4999999,-0.1469552
1.139442E-07,-0.9999999,-3.503685E-08
1.139442E-07,-0.9999999,-3.503685E-08
-0.4779165,-0.5,0.1469551
1.139442E-07,-0.9999999,-3.503685E-08
0.4779166,-0.4999999,-0.1469552
1.139442E-07,-0.9999999,-3.503685E-08
1.139442E-07,-0.9999999,-3.503685E-08
-0.4779165,-0.5,0.1469551
1.139442E-07,-0.9999999,-3.503685E-08
0.4779166,-0.4999999,-0.1469552
1.139442E-07,-0.9999999,-3.503685E-08
1.139442E-07,-0.9999999,-3.503685E-08
-0.4779165,-0.5,0.1469551
1.139442E-07,-0.9999999,-3.503685E-08
0.4779166,-0.4999999,-0.1469552
1.139442E-07,-0.9999999,-3.503685E-08
1.139442E-07,-0.9999999,-3.503685E-08
-0.4779165,-0.5,0.1469551
1.139442E-07,-0.9999999,-3.503685E-08
0.4779166,-0.4999999,-0.1469552
1.139442E-07,-0.9999999,-3.503685E-08
1.139442E-07,-0.9999999,-3.503685E-08
-0.4779165,-0.5,0.1469551
1.139442E-07,-0.9999999,-3.503685E-08
0.4779166,-0.4999999,-0.1469552
1.139442E-07,-0.9999999,-3.503685E-08
1.139442E-07,-0.9999999,-3.503685E-08
-0.4779165,-0.5,0.1469551
1.139442E-07,-0.9999999,-3.503685E-08
0.4779166,-0.4999999,-0.1469552
1.139442E-07,-0.9999999,-3.503685E-08
1.139442E-07,-0.9999999,-3.503685E-08
-0.4779165,-0.5,0.1469551
1.139442E-07,-0.9999999,-3.503685E-08
0.4779166,-0.4999999,-0.1469552
1.139442E-07,-0.9999999,-3.503685E-08
1.139442E-07,-0.9999999,-3.503685E-08
-0.4779165,-0.5,0.1469551
1.139442E-07,-0.9999999,-3.503685E-08
0.4779166,-0.4999999,-0.1469552
1.139442E-07,-0.9999999,-3.503685E-08
1.139442E-07,-0.9999999,-3.503685E-08
-0.4779165,-0.5,0.1469551
1.139442E-07,-0.9999999,-3.503685E-08
0.4779166,-0.4999999,-0.1469552
1.139442E-07,-0.9999999,-3.503685E-08
1.139442E-07,-0.9999999,-3.503685E-08
-0.4779165,-0.5,0.1469551
1.139442E-07,-0.9999999,-3.503685E-08
0.4779166,-0.4999999,-0.1469552
1.139442E-07,-0.9999999,-3.503685E-08
1.139442E-07,-0.9999999,-3.503685E-08
-0.2206409,-0.3333333,0.4165812
1.139442E-07,-0.9999999,-3.503685E-08
0.4779166,-0.4999999,-0.1469552
1.139442E-07,-0.9999999,-3.503685E-08
1.139442E-07,-0.9999999,-3.503685E-08
1.139442E-07,-0.9999999,-3.503685E-08
0.220641,-0.3333333,-0.4165812
-0.1469551,-0.5,-0.4779166
1.139442E-07,-0.9999999,-3.503685E-08
1.139442E-07,-0.9999999,-3.503685E-08
-0.1469551,-0.5,-0.4779166
1.139442E-07,-0.9999999,-3.503685E-08
0.1469553,-0.5,0.4779166
1.139442E-07,-0.9999999,-3.503685E-08
1.139442E-07,-0.9999999,-3.503685E-08
-0.1469551,-0.5,-0.4779166
1.139442E-07,-0.9999999,-3.503685E-08
0.1469553,-0.5,0.4779166
1.139442E-07,-0.9999999,-3.503685E-08
1.139442E-07,-0.9999999,-3.503685E-08
-0.1469551,-0.5,-0.4779166
1.139442E-07,-0.9999999,-3.503685E-08
0.1469553,-0.5,0.4779166
1.139442E-07,-0.9999999,-3.503685E-08
1.139442E-07,-0.9999999,-3.503685E-08
-0.1469551,-0.5,-0.4779166
1.139442E-07,-0.9999999,-3.503685E-08
0.1469553,-0.5,0.4779166
1.139442E-07,-0.9999999,-3.503685E-08
1.139442E-07,-0.9999999,-3.503685E-08
-0.1469551,-0.5,-0.4779166
1.139442E-07,-0.9999999,-3.503685E-08
0.1469553,-0.5,0.4779166
1.139442E-07,-0.9999999,-3.503685E-08
1.139442E-07,-0.9999999,-3.503685E-08
-0.1469551,-0.5,-0.4779166
1.139442E-07,-0.9999999,-3.503685E-08
0.1469553,-0.5,0.4779166
1.139442E-07,-0.9999999,-3.503685E-08
1.139442E-07,-0.9999999,-3.503685E-08
-0.1469551,-0.5,-0.4779166
1.139442E-07,-0.9999999,-3.503685E-08
0.1469553,-0.5,0.4779166
1.139442E-07,-0.9999999,-3.503685E-08
1.139442E-07,-0.9999999,-3.503685E-08
-0.1469551,-0.5,-0.4779166
1.139442E-07,-0.9999999,-3.503685E-08
0.1469553,-0.5,0.4779166
1.139442E-07,-0.9999999,-3.503685E-08
1.139442E-07,-0.9999999,-3.503685E-08
-0.1469551,-0.5,-0.4779166
1.139442E-07,-0.9999999,-3.503685E-08
0.1469553,-0.5,0.4779166
1.139442E-07,-0.9999999,-3.503685E-08
1.139442E-07,-0.9999999,-3.503685E-08
-0.1469551,-0.5,-0.4779166
1.139442E-07,-0.9999999,-3.503685E-08
0.1469553,-0.5,0.4779166
1.139442E-07,-0.9999999,-3.503685E-08
1.139442E-07,-0.9999999,-3.503685E-08
-0.1446423,-0.5,-0.4786217
1.139442E-07,-0.9999999,-3.503685E-08
0.1469553,-0.5,0.4779166
1.139442E-07,-0.9999999,-3.503685E-08
1.139442E-07,-0.9999999,-3.503685E-08
-0.1446418,-0.5,-0.4786219
1.139442E-07,-0.9999999,-3.503685E-08
0.1469553,-0.5,0.4779166
1.139442E-07,-0.9999999,-3.503685E-08
1.139442E-07,-0.9999999,-3.503685E-08
-0.1446418,-0.5,-0.4786219
1.139442E-07,-0.9999999,-3.503685E-08
0.1492741,-0.5,0.4771974
1.139442E-07,-0.9999999,-3.503685E-08
1.139442E-07,-0.9999999,-3.503685E-08
-0.1446423,-0.5,-0.4786217
1.139442E-07,-0.9999999,-3.503685E-08
0.1492741,-0.5,0.4771974
1.139442E-07,-0.9999999,-3.503685E-08
1.139442E-07,-0.9999999,-3.503685E-08
-0.4128608,-0.3333333,-0.2142882
-0.4746488,-0.5,0.1571895
1.139442E-07,-0.9999999,-3.503685E-08
-0.6328651,-0.3333334,0.2095859
1.139442E-07,-0.9999999,-3.503685E-08
0.1492746,-0.5,0.4771972
-0.6328654,-0.3333334,0.2095853
-0.2169164,-0.3333333,0.4229238
-0.615676,-5.867332E-08,-0.3336928
-0.4104507,0.3333333,-0.2224618
-0.4779166,0.4999999,0.1469552
-0.9558331,-1.192093E-07,0.2939103
-0.615676,-5.867332E-08,-0.3336928
-0.4779166,0.4999999,0.1469552
-0.9558331,-1.192093E-07,0.2939103
-0.615676,-5.867332E-08,-0.3336928
-0.9558331,-1.192093E-07,0.2939103
-0.4779166,0.4999999,0.1469552
-0.9558331,-1.192093E-07,0.2939103
-0.615676,-5.867332E-08,-0.3336928
-0.9558331,-1.192093E-07,0.2939103
-0.9558331,-1.192093E-07,0.2939103
-0.4779166,0.4999999,0.1469552
-0.9558331,-1.192093E-07,0.2939103
-0.615676,-5.867332E-08,-0.3336928
-0.9558331,-1.192093E-07,0.2939103
-0.9558331,-1.192093E-07,0.2939103
-0.4779166,0.4999999,0.1469552
-0.9558331,-1.192093E-07,0.2939103
-0.9558331,-1.192093E-07,0.2939103
-0.615676,-5.867332E-08,-0.3336928
-0.9558331,-1.192093E-07,0.2939103
-0.4779166,0.4999999,0.1469552
-0.9558331,-1.192093E-07,0.2939103
-0.9558331,-1.192093E-07,0.2939103
-0.9558331,-1.192093E-07,0.2939103
-0.9558331,-1.192093E-07,0.2939103
-0.615676,-5.867332E-08,-0.3336928
-0.9558331,-1.192093E-07,0.2939103
-0.4779166,0.4999999,0.1469552
-0.9558331,-1.192093E-07,0.2939103
-0.9558331,-1.192093E-07,0.2939103
-0.9558331,-1.192093E-07,0.2939103
-0.9558331,-1.192093E-07,0.2939103
-0.9558331,-1.192093E-07,0.2939103
-0.615676,-5.867332E-08,-0.3336928
-0.9558331,-1.192093E-07,0.2939103
-0.4779166,0.4999999,0.1469552
-0.9558331,-1.192093E-07,0.2939103
-0.9558331,-1.192093E-07,0.2939103
-0.9558331,-1.192093E-07,0.2939103
-0.9558331,-1.192093E-07,0.2939103
-0.9558331,-1.192093E-07,0.2939103
-0.9558331,-1.192093E-07,0.2939103
-0.4779166,0.4999999,0.1469552
-0.9558331,-1.192093E-07,0.2939103
-0.9558331,-1.192093E-07,0.2939103
-0.9558331,-1.192093E-07,0.2939103
-0.9558331,-1.192093E-07,0.2939103
-0.9558331,-1.192093E-07,0.2939103
-0.4779166,0.4999999,0.1469552
-0.9558331,-1.192093E-07,0.2939103
-0.9558331,-1.192093E-07,0.2939103
-0.9558331,-1.192093E-07,0.2939103
-0.9558331,-1.192093E-07,0.2939103
-0.4779166,0.4999999,0.1469552
-0.9558331,-1.192093E-07,0.2939103
-0.9558331,-1.192093E-07,0.2939103
-0.9558331,-1.192093E-07,0.2939103
-0.4779166,0.4999999,0.1469552
-0.9558331,-1.192093E-07,0.2939103
-0.9558331,-1.192093E-07,0.2939103
-0.4779166,0.4999999,0.1469552
-0.9558331,-1.192093E-07,0.2939103
-0.9558331,-1.192093E-07,0.2939103
-0.9558331,-1.192093E-07,0.2939103
-0.9558331,-1.192093E-07,0.2939103
-0.9558331,-1.192093E-07,0.2939103
-0.4779166,0.4999999,0.1469552
-0.9558331,-1.192093E-07,0.2939103
-0.9558331,-1.192093E-07,0.2939103
-0.9558331,-1.192093E-07,0.2939103
-0.9558331,-1.192093E-07,0.2939103
-0.9558331,-1.192093E-07,0.2939103
-0.4779166,0.4999999,0.1469552
-0.9558331,-1.192093E-07,0.2939103
-0.9558331,-1.192093E-07,0.2939103
-0.9558331,-1.192093E-07,0.2939103
-0.9558331,-1.192093E-07,0.2939103
-0.9558331,-1.192093E-07,0.2939103
-0.4779166,0.4999999,0.1469552
-0.9558331,-1.192093E-07,0.2939103
-0.9558331,-1.192093E-07,0.2939103
-0.9558331,-1.192093E-07,0.2939103
-0.9558331,-1.192093E-07,0.2939103
-0.9558331,-1.192093E-07,0.2939103
-0.4779166,0.4999999,0.1469552
-0.9558331,-1.192093E-07,0.2939103
-0.9558331,-1.192093E-07,0.2939103
-0.9558331,-1.192093E-07,0.2939103
-0.9558331,-1.192093E-07,0.2939103
-0.9558331,-1.192093E-07,0.2939103
-0.4779166,0.4999999,0.1469552
-0.9558331,-1.192093E-07,0.2939103
-0.9558331,-1.192093E-07,0.2939103
-0.9558331,-1.192093E-07,0.2939103
-0.9558331,-1.192093E-07,0.2939103
-0.9558331,-1.192093E-07,0.2939103
-0.4779166,0.4999999,0.1469552
-0.9558331,-1.192093E-07,0.2939103
-0.9558331,-1.192093E-07,0.2939103
-0.9558331,-1.192093E-07,0.2939103
-0.9558331,-1.192093E-07,0.2939103
-0.9558331,-1.192093E-07,0.2939103
-0.4779166,0.4999999,0.1469552
-0.9558331,-1.192093E-07,0.2939103
-0.9558331,-1.192093E-07,0.2939103
-0.9558331,-1.192093E-07,0.2939103
-0.9558331,-1.192093E-07,0.2939103
-0.9558331,-1.192093E-07,0.2939103
-0.4779166,0.4999999,0.1469552
-0.9558331,-1.192093E-07,0.2939103
-0.9558331,-1.192093E-07,0.2939103
-0.9558331,-1.192093E-07,0.2939103
-0.9558331,-1.192093E-07,0.2939103
-0.9558331,-1.192093E-07,0.2939103
-0.4779166,0.4999999,0.1469552
-0.9558331,-1.192093E-07,0.2939103
-0.9558331,-1.192093E-07,0.2939103
-0.9558331,-1.192093E-07,0.2939103
-0.9558331,-1.192093E-07,0.2939103
-0.9558331,-1.192093E-07,0.2939103
-0.4779166,0.4999999,0.1469552
-0.9558331,-1.192093E-07,0.2939103
-0.9558331,-1.192093E-07,0.2939103
-0.9558331,-1.192093E-07,0.2939103
-0.9558331,-1.192093E-07,0.2939103
-0.9558331,-1.192093E-07,0.2939103
-0.220641,0.3333333,0.4165812
-0.3309614,-5.960464E-08,0.6248717
-0.9558331,-1.192093E-07,0.2939103
-0.9558331,-1.192093E-07,0.2939103
-0.3309614,-5.960464E-08,0.6248717
-0.9558331,-1.192093E-07,0.2939103
-0.9558331,-1.192093E-07,0.2939103
-0.9558331,-1.192093E-07,0.2939103
-0.9558331,-1.192093E-07,0.2939103
-0.3309614,-5.960464E-08,0.6248717
-0.9558331,-1.192093E-07,0.2939103
-0.9558331,-1.192093E-07,0.2939103
-0.9558331,-1.192093E-07,0.2939103
-0.3309614,-5.960464E-08,0.6248717
-0.9558331,-1.192093E-07,0.2939103
-0.9558331,-1.192093E-07,0.2939103
-0.9558331,-1.192093E-07,0.2939103
-0.9558331,-1.192093E-07,0.2939103
-0.3309614,-5.960464E-08,0.6248717
-0.9558331,-1.192093E-07,0.2939103
-0.9558331,-1.192093E-07,0.2939103
-0.9558331,-1.192093E-07,0.2939103
-0.9558331,-1.192093E-07,0.2939103
-0.9558331,-1.192093E-07,0.2939103
-0.3309614,-5.960464E-08,0.6248717
-0.9558331,-1.192093E-07,0.2939103
-0.9558331,-1.192093E-07,0.2939103
-0.9558331,-1.192093E-07,0.2939103
-0.9558331,-1.192093E-07,0.2939103
-0.3309614,-5.960464E-08,0.6248717
-0.9558331,-1.192093E-07,0.2939103
-0.9558331,-1.192093E-07,0.2939103
-0.9558331,-1.192093E-07,0.2939103
-0.3309614,-5.960464E-08,0.6248717
-0.9558331,-1.192093E-07,0.2939103
-0.9558331,-1.192093E-07,0.2939103
-0.3309614,-5.960464E-08,0.6248717
-0.9558331,-1.192093E-07,0.2939103
-0.9558331,-1.192093E-07,0.2939103
-0.9558331,-1.192093E-07,0.2939103
-0.9558331,-1.192093E-07,0.2939103
-0.9558331,-1.192093E-07,0.2939103
-0.3309614,-5.960464E-08,0.6248717
-0.9558331,-1.192093E-07,0.2939103
-0.9558331,-1.192093E-07,0.2939103
-0.9558331,-1.192093E-07,0.2939103
-0.9558331,-1.192093E-07,0.2939103
-0.9558331,-1.192093E-07,0.2939103
-0.3309614,-5.960464E-08,0.6248717
-0.4779165,-0.5,0.1469551
-0.2206409,-0.3333333,0.4165812
-0.4779165,-0.5,0.1469551
-0.9558331,-1.192093E-07,0.2939103
-0.4779165,-0.5,0.1469551
-0.9558331,-1.192093E-07,0.2939103
-0.4779165,-0.5,0.1469551
-0.9558331,-1.192093E-07,0.2939103
-0.9558331,-1.192093E-07,0.2939103
-0.4779165,-0.5,0.1469551
-0.9558331,-1.192093E-07,0.2939103
-0.9558331,-1.192093E-07,0.2939103
-0.4779165,-0.5,0.1469551
-0.9558331,-1.192093E-07,0.2939103
-0.9558331,-1.192093E-07,0.2939103
-0.4779165,-0.5,0.1469551
-0.9558331,-1.192093E-07,0.2939103
-0.9558331,-1.192093E-07,0.2939103
-0.9558331,-1.192093E-07,0.2939103
-0.4779165,-0.5,0.1469551
-0.9558331,-1.192093E-07,0.2939103
-0.9558331,-1.192093E-07,0.2939103
-0.9558331,-1.192093E-07,0.2939103
-0.4779165,-0.5,0.1469551
-0.9558331,-1.192093E-07,0.2939103
-0.9558331,-1.192093E-07,0.2939103
-0.9558331,-1.192093E-07,0.2939103
-0.9558331,-1.192093E-07,0.2939103
-0.4779165,-0.5,0.1469551
-0.9558331,-1.192093E-07,0.2939103
-0.9558331,-1.192093E-07,0.2939103
-0.9558331,-1.192093E-07,0.2939103
-0.9558331,-1.192093E-07,0.2939103
-0.4779165,-0.5,0.1469551
-0.9558331,-1.192093E-07,0.2939103
-0.9558331,-1.192093E-07,0.2939103
-0.9558331,-1.192093E-07,0.2939103
-0.9558331,-1.192093E-07,0.2939103
-0.9558331,-1.192093E-07,0.2939103
-0.4779165,-0.5,0.1469551
-0.9558331,-1.192093E-07,0.2939103
-0.9558331,-1.192093E-07,0.2939103
-0.9558331,-1.192093E-07,0.2939103
-0.9558331,-1.192093E-07,0.2939103
-0.9558331,-1.192093E-07,0.2939103
-0.9558331,-1.192093E-07,0.2939103
-0.9558331,-1.192093E-07,0.2939103
-0.9558331,-1.192093E-07,0.2939103
-0.9558331,-1.192093E-07,0.2939103
-0.9558331,-1.192093E-07,0.2939103
-0.9558331,-1.192093E-07,0.2939103
-0.9558331,-1.192093E-07,0.2939103
-0.9558331,-1.192093E-07,0.2939103
-0.9558331,-1.192093E-07,0.2939103
-0.9558331,-1.192093E-07,0.2939103
-0.9558331,-1.192093E-07,0.2939103
-0.9558331,-1.192093E-07,0.2939103
-0.9558331,-1.192093E-07,0.2939103
-0.9558331,-1.192093E-07,0.2939103
-0.9558331,-1.192093E-07,0.2939103
-0.9558331,-1.192093E-07,0.2939103
-0.9558331,-1.192093E-07,0.2939103
-0.9558331,-1.192093E-07,0.2939103
-0.4779165,-0.5,0.1469551
-0.9558331,-1.192093E-07,0.2939103
-0.9558331,-1.192093E-07,0.2939103
-0.9558331,-1.192093E-07,0.2939103
-0.4779165,-0.5,0.1469551
-0.9558331,-1.192093E-07,0.2939103
-0.9558331,-1.192093E-07,0.2939103
-0.4779165,-0.5,0.1469551
-0.9558331,-1.192093E-07,0.2939103
-0.9558331,-1.192093E-07,0.2939103
-0.9558331,-1.192093E-07,0.2939103
-0.4779165,-0.5,0.1469551
-0.9558331,-1.192093E-07,0.2939103
-0.9558331,-1.192093E-07,0.2939103
-0.9558331,-1.192093E-07,0.2939103
-0.9558331,-1.192093E-07,0.2939103
-0.4779165,-0.5,0.1469551
-0.9558331,-1.192093E-07,0.2939103
-0.9558331,-1.192093E-07,0.2939103
-0.9558331,-1.192093E-07,0.2939103
-0.9558331,-1.192093E-07,0.2939103
-0.9558331,-1.192093E-07,0.2939103
-0.4779165,-0.5,0.1469551
-0.9558331,-1.192093E-07,0.2939103
-0.9558331,-1.192093E-07,0.2939103
-0.9558331,-1.192093E-07,0.2939103
-0.9558331,-1.192093E-07,0.2939103
-0.9558331,-1.192093E-07,0.2939103
-0.4779165,-0.5,0.1469551
-0.9558331,-1.192093E-07,0.2939103
-0.9558331,-1.192093E-07,0.2939103
-0.9558331,-1.192093E-07,0.2939103
-0.9558331,-1.192093E-07,0.2939103
-0.9558331,-1.192093E-07,0.2939103
-0.9558331,-1.192093E-07,0.2939103
-0.4779165,-0.5,0.1469551
-0.9558331,-1.192093E-07,0.2939103
-0.9558331,-1.192093E-07,0.2939103
-0.9558331,-1.192093E-07,0.2939103
-0.9558331,-1.192093E-07,0.2939103
-0.9558331,-1.192093E-07,0.2939103
-0.9558331,-1.192093E-07,0.2939103
-0.4779165,-0.5,0.1469551
-0.9558331,-1.192093E-07,0.2939103
-0.9558331,-1.192093E-07,0.2939103
-0.9558331,-1.192093E-07,0.2939103
-0.9558331,-1.192093E-07,0.2939103
-0.9558331,-1.192093E-07,0.2939103
-0.9558331,-1.192093E-07,0.2939103
-0.4779165,-0.5,0.1469551
-0.9558331,-1.192093E-07,0.2939103
-0.9558331,-1.192093E-07,0.2939103
-0.9558331,-1.192093E-07,0.2939103
-0.9558331,-1.192093E-07,0.2939103
-0.9558331,-1.192093E-07,0.2939103
-0.9558331,-1.192093E-07,0.2939103
-0.4779165,-0.5,0.1469551
-0.9558331,-1.192093E-07,0.2939103
-0.9558331,-1.192093E-07,0.2939103
-0.9558331,-1.192093E-07,0.2939103
-0.9558331,-1.192093E-07,0.2939103
-0.9558331,-1.192093E-07,0.2939103
-0.9558331,-1.192093E-07,0.2939103
-0.4104507,-0.3333333,-0.2224619
-0.615676,-5.867332E-08,-0.3336928
-0.9558331,-1.192093E-07,0.2939103
-0.9558331,-1.192093E-07,0.2939103
-0.9558331,-1.192093E-07,0.2939103
-0.9558331,-1.192093E-07,0.2939103
-0.615676,-5.867332E-08,-0.3336928
-0.9558331,-1.192093E-07,0.2939103
-0.9558331,-1.192093E-07,0.2939103
-0.9558331,-1.192093E-07,0.2939103
-0.9558331,-1.192093E-07,0.2939103
-0.9558331,-1.192093E-07,0.2939103
-0.615676,-5.867332E-08,-0.3336928
-0.9558331,-1.192093E-07,0.2939103
-0.9558331,-1.192093E-07,0.2939103
-0.9558331,-1.192093E-07,0.2939103
-0.9558331,-1.192093E-07,0.2939103
-0.9558331,-1.192093E-07,0.2939103
-0.9558331,-1.192093E-07,0.2939103
-0.9558331,-1.192093E-07,0.2939103
0.6325617,6.053597E-08,0.3285288
0.4779165,0.5,-0.1469551
0.4217078,0.3333334,0.2190192
0.9558331,1.192093E-07,-0.2939103
0.6325617,6.053597E-08,0.3285288
0.4779165,0.5,-0.1469551
0.9558331,1.192093E-07,-0.2939103
0.6325617,6.053597E-08,0.3285288
0.9558331,1.192093E-07,-0.2939103
0.4779165,0.5,-0.1469551
0.9558331,1.192093E-07,-0.2939103
0.6325617,6.053597E-08,0.3285288
0.9558331,1.192093E-07,-0.2939103
0.9558331,1.192093E-07,-0.2939103
0.4779165,0.5,-0.1469551
0.9558331,1.192093E-07,-0.2939103
0.6325617,6.053597E-08,0.3285288
0.9558331,1.192093E-07,-0.2939103
0.9558331,1.192093E-07,-0.2939103
0.4779165,0.5,-0.1469551
0.9558331,1.192093E-07,-0.2939103
0.9558331,1.192093E-07,-0.2939103
0.6325617,6.053597E-08,0.3285288
0.9558331,1.192093E-07,-0.2939103
0.4779165,0.5,-0.1469551
0.9558331,1.192093E-07,-0.2939103
0.9558331,1.192093E-07,-0.2939103
0.9558331,1.192093E-07,-0.2939103
0.9558331,1.192093E-07,-0.2939103
0.6325617,6.053597E-08,0.3285288
0.9558331,1.192093E-07,-0.2939103
0.4779165,0.5,-0.1469551
0.9558331,1.192093E-07,-0.2939103
0.9558331,1.192093E-07,-0.2939103
0.9558331,1.192093E-07,-0.2939103
0.9558331,1.192093E-07,-0.2939103
0.9558331,1.192093E-07,-0.2939103
0.6325617,6.053597E-08,0.3285288
0.9558331,1.192093E-07,-0.2939103
0.4779165,0.5,-0.1469551
0.9558331,1.192093E-07,-0.2939103
0.9558331,1.192093E-07,-0.2939103
0.9558331,1.192093E-07,-0.2939103
0.9558331,1.192093E-07,-0.2939103
0.9558331,1.192093E-07,-0.2939103
0.9558331,1.192093E-07,-0.2939103
0.4779165,0.5,-0.1469551
0.9558331,1.192093E-07,-0.2939103
0.9558331,1.192093E-07,-0.2939103
0.9558331,1.192093E-07,-0.2939103
0.9558331,1.192093E-07,-0.2939103
0.9558331,1.192093E-07,-0.2939103
0.4779165,0.5,-0.1469551
0.9558331,1.192093E-07,-0.2939103
0.9558331,1.192093E-07,-0.2939103
0.9558331,1.192093E-07,-0.2939103
0.9558331,1.192093E-07,-0.2939103
0.4779165,0.5,-0.1469551
0.9558331,1.192093E-07,-0.2939103
0.9558331,1.192093E-07,-0.2939103
0.9558331,1.192093E-07,-0.2939103
0.4779165,0.5,-0.1469551
0.9558331,1.192093E-07,-0.2939103
0.9558331,1.192093E-07,-0.2939103
0.4779165,0.5,-0.1469551
0.9558331,1.192093E-07,-0.2939103
0.9558331,1.192093E-07,-0.2939103
0.9558331,1.192093E-07,-0.2939103
0.9558331,1.192093E-07,-0.2939103
0.9558331,1.192093E-07,-0.2939103
0.4779165,0.5,-0.1469551
0.9558331,1.192093E-07,-0.2939103
0.9558331,1.192093E-07,-0.2939103
0.9558331,1.192093E-07,-0.2939103
0.9558331,1.192093E-07,-0.2939103
0.9558331,1.192093E-07,-0.2939103
0.4779165,0.5,-0.1469551
0.9558331,1.192093E-07,-0.2939103
0.9558331,1.192093E-07,-0.2939103
0.9558331,1.192093E-07,-0.2939103
0.9558331,1.192093E-07,-0.2939103
0.9558331,1.192093E-07,-0.2939103
0.4779165,0.5,-0.1469551
0.9558331,1.192093E-07,-0.2939103
0.9558331,1.192093E-07,-0.2939103
0.9558331,1.192093E-07,-0.2939103
0.9558331,1.192093E-07,-0.2939103
0.9558331,1.192093E-07,-0.2939103
0.4779165,0.5,-0.1469551
0.9558331,1.192093E-07,-0.2939103
0.9558331,1.192093E-07,-0.2939103
0.9558331,1.192093E-07,-0.2939103
0.9558331,1.192093E-07,-0.2939103
0.9558331,1.192093E-07,-0.2939103
0.4779165,0.5,-0.1469551
0.9558331,1.192093E-07,-0.2939103
0.9558331,1.192093E-07,-0.2939103
0.9558331,1.192093E-07,-0.2939103
0.9558331,1.192093E-07,-0.2939103
0.9558331,1.192093E-07,-0.2939103
0.4779165,0.5,-0.1469551
0.9558331,1.192093E-07,-0.2939103
0.9558331,1.192093E-07,-0.2939103
0.9558331,1.192093E-07,-0.2939103
0.9558331,1.192093E-07,-0.2939103
0.9558331,1.192093E-07,-0.2939103
0.4779165,0.5,-0.1469551
0.9558331,1.192093E-07,-0.2939103
0.9558331,1.192093E-07,-0.2939103
0.9558331,1.192093E-07,-0.2939103
0.9558331,1.192093E-07,-0.2939103
0.9558331,1.192093E-07,-0.2939103
0.4779165,0.5,-0.1469551
0.9558331,1.192093E-07,-0.2939103
0.9558331,1.192093E-07,-0.2939103
0.9558331,1.192093E-07,-0.2939103
0.9558331,1.192093E-07,-0.2939103
0.9558331,1.192093E-07,-0.2939103
0.4779165,0.5,-0.1469551
0.9558331,1.192093E-07,-0.2939103
0.9558331,1.192093E-07,-0.2939103
0.9558331,1.192093E-07,-0.2939103
0.9558331,1.192093E-07,-0.2939103
0.9558331,1.192093E-07,-0.2939103
0.4779165,0.5,-0.1469551
0.9558331,1.192093E-07,-0.2939103
0.9558331,1.192093E-07,-0.2939103
0.9558331,1.192093E-07,-0.2939103
0.9558331,1.192093E-07,-0.2939103
0.9558331,1.192093E-07,-0.2939103
0.2206409,0.3333333,-0.4165812
0.3309614,5.960464E-08,-0.6248717
0.9558331,1.192093E-07,-0.2939103
0.9558331,1.192093E-07,-0.2939103
0.3309614,5.960464E-08,-0.6248717
0.9558331,1.192093E-07,-0.2939103
0.9558331,1.192093E-07,-0.2939103
0.9558331,1.192093E-07,-0.2939103
0.9558331,1.192093E-07,-0.2939103
0.3309614,5.960464E-08,-0.6248717
0.9558331,1.192093E-07,-0.2939103
0.9558331,1.192093E-07,-0.2939103
0.9558331,1.192093E-07,-0.2939103
0.3309614,5.960464E-08,-0.6248717
0.9558331,1.192093E-07,-0.2939103
0.9558331,1.192093E-07,-0.2939103
0.9558331,1.192093E-07,-0.2939103
0.9558331,1.192093E-07,-0.2939103
0.3309614,5.960464E-08,-0.6248717
0.9558331,1.192093E-07,-0.2939103
0.9558331,1.192093E-07,-0.2939103
0.9558331,1.192093E-07,-0.2939103
0.9558331,1.192093E-07,-0.2939103
0.9558331,1.192093E-07,-0.2939103
0.3309614,5.960464E-08,-0.6248717
0.9558331,1.192093E-07,-0.2939103
0.9558331,1.192093E-07,-0.2939103
0.9558331,1.192093E-07,-0.2939103
0.9558331,1.192093E-07,-0.2939103
0.3309614,5.960464E-08,-0.6248717
0.9558331,1.192093E-07,-0.2939103
0.9558331,1.192093E-07,-0.2939103
0.9558331,1.192093E-07,-0.2939103
0.3309614,5.960464E-08,-0.6248717
0.9558331,1.192093E-07,-0.2939103
0.9558331,1.192093E-07,-0.2939103
0.3309614,5.960464E-08,-0.6248717
0.9558331,1.192093E-07,-0.2939103
0.9558331,1.192093E-07,-0.2939103
0.9558331,1.192093E-07,-0.2939103
0.9558331,1.192093E-07,-0.2939103
0.9558331,1.192093E-07,-0.2939103
0.3309614,5.960464E-08,-0.6248717
0.9558331,1.192093E-07,-0.2939103
0.9558331,1.192093E-07,-0.2939103
0.9558331,1.192093E-07,-0.2939103
0.9558331,1.192093E-07,-0.2939103
0.9558331,1.192093E-07,-0.2939103
0.3309614,5.960464E-08,-0.6248717
0.4779166,-0.4999999,-0.1469552
0.220641,-0.3333333,-0.4165812
0.4779166,-0.4999999,-0.1469552
0.9558331,1.192093E-07,-0.2939103
0.4779166,-0.4999999,-0.1469552
0.9558331,1.192093E-07,-0.2939103
0.4779166,-0.4999999,-0.1469552
0.9558331,1.192093E-07,-0.2939103
0.9558331,1.192093E-07,-0.2939103
0.4779166,-0.4999999,-0.1469552
0.9558331,1.192093E-07,-0.2939103
0.9558331,1.192093E-07,-0.2939103
0.4779166,-0.4999999,-0.1469552
0.9558331,1.192093E-07,-0.2939103
0.9558331,1.192093E-07,-0.2939103
0.4779166,-0.4999999,-0.1469552
0.9558331,1.192093E-07,-0.2939103
0.9558331,1.192093E-07,-0.2939103
0.9558331,1.192093E-07,-0.2939103
0.4779166,-0.4999999,-0.1469552
0.9558331,1.192093E-07,-0.2939103
0.9558331,1.192093E-07,-0.2939103
0.9558331,1.192093E-07,-0.2939103
0.4779166,-0.4999999,-0.1469552
0.9558331,1.192093E-07,-0.2939103
0.9558331,1.192093E-07,-0.2939103
0.9558331,1.192093E-07,-0.2939103
0.9558331,1.192093E-07,-0.2939103
0.4779166,-0.4999999,-0.1469552
0.9558331,1.192093E-07,-0.2939103
0.9558331,1.192093E-07,-0.2939103
0.9558331,1.192093E-07,-0.2939103
0.9558331,1.192093E-07,-0.2939103
0.4779166,-0.4999999,-0.1469552
0.9558331,1.192093E-07,-0.2939103
0.9558331,1.192093E-07,-0.2939103
0.9558331,1.192093E-07,-0.2939103
0.9558331,1.192093E-07,-0.2939103
0.9558331,1.192093E-07,-0.2939103
0.4779166,-0.4999999,-0.1469552
0.9558331,1.192093E-07,-0.2939103
0.9558331,1.192093E-07,-0.2939103
0.9558331,1.192093E-07,-0.2939103
0.9558331,1.192093E-07,-0.2939103
0.9558331,1.192093E-07,-0.2939103
0.9558331,1.192093E-07,-0.2939103
0.9558331,1.192093E-07,-0.2939103
0.9558331,1.192093E-07,-0.2939103
0.9558331,1.192093E-07,-0.2939103
0.9558331,1.192093E-07,-0.2939103
0.9558331,1.192093E-07,-0.2939103
0.9558331,1.192093E-07,-0.2939103
0.9558331,1.192093E-07,-0.2939103
0.9558331,1.192093E-07,-0.2939103
0.9558331,1.192093E-07,-0.2939103
0.9558331,1.192093E-07,-0.2939103
0.9558331,1.192093E-07,-0.2939103
0.9558331,1.192093E-07,-0.2939103
0.9558331,1.192093E-07,-0.2939103
0.9558331,1.192093E-07,-0.2939103
0.9558331,1.192093E-07,-0.2939103
0.9558331,1.192093E-07,-0.2939103
0.9558331,1.192093E-07,-0.2939103
0.4779166,-0.4999999,-0.1469552
0.9558331,1.192093E-07,-0.2939103
0.9558331,1.192093E-07,-0.2939103
0.9558331,1.192093E-07,-0.2939103
0.4779166,-0.4999999,-0.1469552
0.9558331,1.192093E-07,-0.2939103
0.9558331,1.192093E-07,-0.2939103
0.9558331,1.192093E-07,-0.2939103
0.9558331,1.192093E-07,-0.2939103
0.9558331,1.192093E-07,-0.2939103
0.4779166,-0.4999999,-0.1469552
0.9558331,1.192093E-07,-0.2939103
0.9558331,1.192093E-07,-0.2939103
0.9558331,1.192093E-07,-0.2939103
0.9558331,1.192093E-07,-0.2939103
0.9558331,1.192093E-07,-0.2939103
0.9558331,1.192093E-07,-0.2939103
0.9558331,1.192093E-07,-0.2939103
0.9558331,1.192093E-07,-0.2939103
0.9558331,1.192093E-07,-0.2939103
0.9558331,1.192093E-07,-0.2939103
0.9558331,1.192093E-07,-0.2939103
0.4779166,-0.4999999,-0.1469552
0.9558331,1.192093E-07,-0.2939103
0.9558331,1.192093E-07,-0.2939103
0.4779166,-0.4999999,-0.1469552
0.9558331,1.192093E-07,-0.2939103
0.9558331,1.192093E-07,-0.2939103
0.9558331,1.192093E-07,-0.2939103
0.9558331,1.192093E-07,-0.2939103
0.4779166,-0.4999999,-0.1469552
0.9558331,1.192093E-07,-0.2939103
0.9558331,1.192093E-07,-0.2939103
0.9558331,1.192093E-07,-0.2939103
0.9558331,1.192093E-07,-0.2939103
0.9558331,1.192093E-07,-0.2939103
0.4779166,-0.4999999,-0.1469552
0.9558331,1.192093E-07,-0.2939103
0.9558331,1.192093E-07,-0.2939103
0.9558331,1.192093E-07,-0.2939103
0.4779166,-0.4999999,-0.1469552
0.9558331,1.192093E-07,-0.2939103
0.9558331,1.192093E-07,-0.2939103
0.9558331,1.192093E-07,-0.2939103
0.9558331,1.192093E-07,-0.2939103
0.4779166,-0.4999999,-0.1469552
0.9558331,1.192093E-07,-0.2939103
0.9558331,1.192093E-07,-0.2939103
0.9558331,1.192093E-07,-0.2939103
0.9558331,1.192093E-07,-0.2939103
0.9558331,1.192093E-07,-0.2939103
0.4779166,-0.4999999,-0.1469552
0.9558331,1.192093E-07,-0.2939103
0.9558331,1.192093E-07,-0.2939103
0.9558331,1.192093E-07,-0.2939103
0.9558331,1.192093E-07,-0.2939103
0.9558331,1.192093E-07,-0.2939103
0.9558331,1.192093E-07,-0.2939103
0.4779166,-0.4999999,-0.1469552
0.9558331,1.192093E-07,-0.2939103
0.9558331,1.192093E-07,-0.2939103
0.9558331,1.192093E-07,-0.2939103
0.9558331,1.192093E-07,-0.2939103
0.9558331,1.192093E-07,-0.2939103
0.9558331,1.192093E-07,-0.2939103
0.4217079,-0.3333333,0.2190192
0.6325617,6.053597E-08,0.3285288
0.9558331,1.192093E-07,-0.2939103
0.9558331,1.192093E-07,-0.2939103
0.6325617,6.053597E-08,0.3285288
0.9558331,1.192093E-07,-0.2939103
0.9558331,1.192093E-07,-0.2939103
0.9558331,1.192093E-07,-0.2939103
0.9558331,1.192093E-07,-0.2939103
0.6325617,6.053597E-08,0.3285288
0.9558331,1.192093E-07,-0.2939103
0.9558331,1.192093E-07,-0.2939103
0.9558331,1.192093E-07,-0.2939103
0.9558331,1.192093E-07,-0.2939103
0.9558331,1.192093E-07,-0.2939103
0.9558331,1.192093E-07,-0.2939103
0.9558331,1.192093E-07,-0.2939103
0.9558331,1.192093E-07,-0.2939103
-0.3309614,-5.960464E-08,0.6248717
0.1469553,-0.5,0.4779166
-0.2206409,-0.3333333,0.4165812
0.2939104,0,0.9558332
-0.3309614,-5.960464E-08,0.6248717
0.1469553,-0.5,0.4779166
0.2939104,0,0.9558332
-0.3309614,-5.960464E-08,0.6248717
0.2939104,0,0.9558332
0.1469553,-0.5,0.4779166
0.2939104,0,0.9558332
-0.3309614,-5.960464E-08,0.6248717
0.2939104,0,0.9558332
0.2939104,0,0.9558332
0.1469553,-0.5,0.4779166
0.2939104,0,0.9558332
-0.3309614,-5.960464E-08,0.6248717
0.2939104,0,0.9558332
0.2939104,0,0.9558332
0.1469553,-0.5,0.4779166
0.2939104,0,0.9558332
0.2939104,0,0.9558332
-0.3309614,-5.960464E-08,0.6248717
0.2939104,0,0.9558332
0.1469553,-0.5,0.4779166
0.2939104,0,0.9558332
0.2939104,0,0.9558332
0.2939104,0,0.9558332
0.2939104,0,0.9558332
-0.3309614,-5.960464E-08,0.6248717
0.2939104,0,0.9558332
0.1469553,-0.5,0.4779166
0.2939104,0,0.9558332
0.2939104,0,0.9558332
0.2939104,0,0.9558332
0.2939104,0,0.9558332
0.2939104,0,0.9558332
-0.3309614,-5.960464E-08,0.6248717
0.2939104,0,0.9558332
0.1469553,-0.5,0.4779166
0.2939104,0,0.9558332
0.2939104,0,0.9558332
0.2939104,0,0.9558332
0.2939104,0,0.9558332
0.2939104,0,0.9558332
0.2939104,0,0.9558332
0.1469553,-0.5,0.4779166
0.2939104,0,0.9558332
0.2939104,0,0.9558332
0.2939104,0,0.9558332
0.2939104,0,0.9558332
0.2939104,0,0.9558332
0.1469553,-0.5,0.4779166
0.2939104,0,0.9558332
0.2939104,0,0.9558332
0.2939104,0,0.9558332
0.2939104,0,0.9558332
0.1469553,-0.5,0.4779166
0.2939104,0,0.9558332
0.2939104,0,0.9558332
0.2939104,0,0.9558332
0.1469553,-0.5,0.4779166
0.2939104,0,0.9558332
0.2939104,0,0.9558332
0.1492741,-0.5,0.4771974
0.2939104,0,0.9558332
0.2939104,0,0.9558332
0.2939104,0,0.9558332
0.2939104,0,0.9558332
0.298548,4.656613E-10,0.9543948
0.1492741,-0.5,0.4771974
0.2939104,0,0.9558332
0.2939104,0,0.9558332
0.2939104,0,0.9558332
0.2939104,0,0.9558332
0.298548,4.656613E-10,0.9543948
0.1492746,-0.5,0.4771972
0.2939104,0,0.9558332
0.2939104,0,0.9558332
0.2939104,0,0.9558332
0.298548,4.656613E-10,0.9543949
0.2985491,4.656613E-10,0.9543945
-0.2169164,-0.3333333,0.4229238
-0.3253747,-5.937181E-08,0.6343857
0.298548,4.656613E-10,0.9543949
0.2985491,4.656613E-10,0.9543945
-0.3253747,-5.937181E-08,0.6343857
0.2939104,0,0.9558332
0.2939104,0,0.9558332
0.298548,4.656613E-10,0.9543949
0.2985491,4.656613E-10,0.9543945
-0.3253747,-5.937181E-08,0.6343857
0.298548,4.656613E-10,0.9543949
0.2939104,0,0.9558332
0.2985491,4.656613E-10,0.9543945
-0.3253747,-5.937181E-08,0.6343857
0.2939104,0,0.9558332
0.298548,4.656613E-10,0.9543948
0.298548,4.656613E-10,0.9543948
0.2985491,4.656613E-10,0.9543945
-0.3253748,-5.937181E-08,0.6343853
0.298548,4.656613E-10,0.9543948
0.298548,4.656613E-10,0.9543948
0.2939104,0,0.9558332
0.2939104,0,0.9558332
0.2985491,4.656613E-10,0.9543945
-0.3253748,-5.937181E-08,0.6343853
0.298548,4.656613E-10,0.9543949
0.298548,4.656613E-10,0.9543949
0.2939104,0,0.9558332
0.2985491,4.656613E-10,0.9543945
-0.3253743,-5.937181E-08,0.6343867
0.298548,4.656613E-10,0.9543949
0.298548,4.656613E-10,0.9543949
0.2985491,4.656613E-10,0.9543945
-0.3253743,-5.937181E-08,0.6343867
0.298548,4.656613E-10,0.9543949
0.2985491,4.656613E-10,0.9543945
-0.3253743,-5.937181E-08,0.6343867
0.2939104,0,0.9558332
0.2939104,0,0.9558332
0.298548,4.656613E-10,0.9543949
0.298548,4.656613E-10,0.9543949
0.2985491,4.656613E-10,0.9543945
-0.3253743,-5.937181E-08,0.6343867
0.2939104,0,0.9558332
0.2939104,0,0.9558332
0.298548,4.656613E-10,0.9543949
0.298548,4.656613E-10,0.9543949
0.2985491,4.656613E-10,0.9543945
-0.3253743,-5.937181E-08,0.6343867
0.1492745,0.5,0.4771973
-0.2169162,0.3333333,0.4229244
0.149274,0.5,0.4771975
0.298548,4.656613E-10,0.9543949
0.149274,0.5,0.4771975
0.298548,4.656613E-10,0.9543949
0.1492745,0.5,0.4771973
0.298548,4.656613E-10,0.9543949
0.2939104,0,0.9558332
0.1469551,0.5,0.4779166
0.2939104,0,0.9558332
0.2939104,0,0.9558332
0.1469551,0.5,0.4779166
0.2939104,0,0.9558332
0.2939104,0,0.9558332
0.1469551,0.5,0.4779166
0.2939104,0,0.9558332
0.2939104,0,0.9558332
0.2939104,0,0.9558332
0.1469551,0.5,0.4779166
0.2939104,0,0.9558332
0.2939104,0,0.9558332
0.2939104,0,0.9558332
0.1469551,0.5,0.4779166
0.2939104,0,0.9558332
0.2939104,0,0.9558332
0.2939104,0,0.9558332
0.2939104,0,0.9558332
0.1469551,0.5,0.4779166
0.2939104,0,0.9558332
0.2939104,0,0.9558332
0.2939104,0,0.9558332
0.2939104,0,0.9558332
0.1469551,0.5,0.4779166
0.2939104,0,0.9558332
0.2939104,0,0.9558332
0.2939104,0,0.9558332
0.2939104,0,0.9558332
0.2939104,0,0.9558332
0.1469551,0.5,0.4779166
0.2939104,0,0.9558332
0.2939104,0,0.9558332
0.2939104,0,0.9558332
0.2939104,0,0.9558332
0.2939104,0,0.9558332
0.2939104,0,0.9558332
0.2939104,0,0.9558332
0.2939104,0,0.9558332
0.2939104,0,0.9558332
0.2939104,0,0.9558332
0.2939104,0,0.9558332
0.2939104,0,0.9558332
0.2939104,0,0.9558332
0.2939104,0,0.9558332
0.2939104,0,0.9558332
0.2939104,0,0.9558332
0.2939104,0,0.9558332
0.2939104,0,0.9558332
0.2939104,0,0.9558332
0.2939104,0,0.9558332
0.2939104,0,0.9558332
0.2939104,0,0.9558332
0.2939104,0,0.9558332
0.1469551,0.5,0.4779166
0.2939104,0,0.9558332
0.2939104,0,0.9558332
0.2939104,0,0.9558332
0.1469551,0.5,0.4779166
0.2939104,0,0.9558332
0.2939104,0,0.9558332
0.2939104,0,0.9558332
0.2939104,0,0.9558332
0.2939104,0,0.9558332
0.1469551,0.5,0.4779166
0.2939104,0,0.9558332
0.2939104,0,0.9558332
0.2939104,0,0.9558332
0.2939104,0,0.9558332
-0.3309614,-5.960464E-08,0.6248717
0.2939104,0,0.9558332
0.2939104,0,0.9558332
-0.3309614,-5.960464E-08,0.6248717
0.2939104,0,0.9558332
0.2939104,0,0.9558332
0.2939104,0,0.9558332
-0.3309614,-5.960464E-08,0.6248717
0.2939104,0,0.9558332
0.2939104,0,0.9558332
0.2939104,0,0.9558332
-0.220641,0.3333333,0.4165812
-0.1542333,0.4989271,-0.5061567
0.4720922,0.5023947,-0.1951046
0.2119594,0.3347972,-0.447266
-0.00413207,0.9973255,-0.0729706
-0.1542333,0.4989271,-0.5061567
0.4720925,0.5023947,-0.1951037
0.003297299,0.9985079,-0.05392041
-0.1497133,0.4996579,-0.4921928
0.004339183,0.9989306,-0.04602842
-0.4221846,0.3333179,-0.2188637
0.0056468,0.9996809,-0.01694196
-0.003392328,0.9978129,-0.06559436
0.003297299,0.9985079,-0.05392041
0.004339183,0.9989306,-0.04602842
0.005601189,0.9992726,-0.03646102
0.0056468,0.9996809,-0.01694196
-1.139442E-07,0.9999999,3.503685E-08
-1.139442E-07,0.9999999,3.503685E-08
-0.4779166,0.4999999,0.1469552
-1.139442E-07,0.9999999,3.503685E-08
-1.139442E-07,0.9999999,3.503685E-08
-0.4779166,0.4999999,0.1469552
-1.139442E-07,0.9999999,3.503685E-08
-1.139442E-07,0.9999999,3.503685E-08
-0.4779166,0.4999999,0.1469552
-1.139442E-07,0.9999999,3.503685E-08
-1.139442E-07,0.9999999,3.503685E-08
-0.4779166,0.4999999,0.1469552
-1.139442E-07,0.9999999,3.503685E-08
-1.139442E-07,0.9999999,3.503685E-08
-0.4779166,0.4999999,0.1469552
-1.139442E-07,0.9999999,3.503685E-08
-1.139442E-07,0.9999999,3.503685E-08
-0.4779166,0.4999999,0.1469552
-1.139442E-07,0.9999999,3.503685E-08
-1.139442E-07,0.9999999,3.503685E-08
-0.4779166,0.4999999,0.1469552
-1.139442E-07,0.9999999,3.503685E-08
-1.139442E-07,0.9999999,3.503685E-08
-0.4779166,0.4999999,0.1469552
-1.139442E-07,0.9999999,3.503685E-08
-1.139442E-07,0.9999999,3.503685E-08
-0.4779166,0.4999999,0.1469552
-1.139442E-07,0.9999999,3.503685E-08
-1.139442E-07,0.9999999,3.503685E-08
-0.4779166,0.4999999,0.1469552
-1.139442E-07,0.9999999,3.503685E-08
-1.139442E-07,0.9999999,3.503685E-08
-0.4779166,0.4999999,0.1469552
-1.139442E-07,0.9999999,3.503685E-08
-1.139442E-07,0.9999999,3.503685E-08
-0.4779166,0.4999999,0.1469552
-1.139442E-07,0.9999999,3.503685E-08
-1.139442E-07,0.9999999,3.503685E-08
-0.4779166,0.4999999,0.1469552
-1.139442E-07,0.9999999,3.503685E-08
-1.139442E-07,0.9999999,3.503685E-08
-0.4779166,0.4999999,0.1469552
-1.139442E-07,0.9999999,3.503685E-08
-1.139442E-07,0.9999999,3.503685E-08
-0.4779166,0.4999999,0.1469552
-1.139442E-07,0.9999999,3.503685E-08
-1.139442E-07,0.9999999,3.503685E-08
-0.4779166,0.4999999,0.1469552
-1.139442E-07,0.9999999,3.503685E-08
-1.139442E-07,0.9999999,3.503685E-08
-0.4779166,0.4999999,0.1469552
-1.139442E-07,0.9999999,3.503685E-08
-1.139442E-07,0.9999999,3.503685E-08
-0.4779166,0.4999999,0.1469552
-1.139442E-07,0.9999999,3.503685E-08
-1.139442E-07,0.9999999,3.503685E-08
-0.4779166,0.4999999,0.1469552
-1.139442E-07,0.9999999,3.503685E-08
-1.139442E-07,0.9999999,3.503685E-08
-0.4779166,0.4999999,0.1469552
-1.139442E-07,0.9999999,3.503685E-08
-1.139442E-07,0.9999999,3.503685E-08
-0.4779166,0.4999999,0.1469552
-1.139442E-07,0.9999999,3.503685E-08
-1.139442E-07,0.9999999,3.503685E-08
-0.4779166,0.4999999,0.1469552
-1.139442E-07,0.9999999,3.503685E-08
-1.139442E-07,0.9999999,3.503685E-08
-0.4779166,0.4999999,0.1469552
-1.139442E-07,0.9999999,3.503685E-08
-1.139442E-07,0.9999999,3.503685E-08
-0.220641,0.3333333,0.4165812
0.1469551,0.5,0.4779166
-1.139442E-07,0.9999999,3.503685E-08
-1.139442E-07,0.9999999,3.503685E-08
0.1469551,0.5,0.4779166
-1.139442E-07,0.9999999,3.503685E-08
0.1469551,0.5,0.4779166
-1.139442E-07,0.9999999,3.503685E-08
-1.139442E-07,0.9999999,3.503685E-08
-1.139442E-07,0.9999999,3.503685E-08
-1.139442E-07,0.9999999,3.503685E-08
0.1469551,0.5,0.4779166
-1.139442E-07,0.9999999,3.503685E-08
-1.139442E-07,0.9999999,3.503685E-08
-1.139442E-07,0.9999999,3.503685E-08
0.1469551,0.5,0.4779166
-1.139442E-07,0.9999999,3.503685E-08
-1.139442E-07,0.9999999,3.503685E-08
0.1469551,0.5,0.4779166
-1.139442E-07,0.9999999,3.503685E-08
0.2206409,0.3333333,-0.4165812
0.4779165,0.5,-0.1469551
-0.1469553,0.5,-0.4779166
0.4779165,0.5,-0.1469551
-1.139442E-07,0.9999999,3.503685E-08
0.4779165,0.5,-0.1469551
-1.139442E-07,0.9999999,3.503685E-08
-0.1469553,0.5,-0.4779166
-1.139442E-07,0.9999999,3.503685E-08
0.4779165,0.5,-0.1469551
-1.139442E-07,0.9999999,3.503685E-08
-0.1469553,0.5,-0.4779166
-1.139442E-07,0.9999999,3.503685E-08
0.4779165,0.5,-0.1469551
-1.139442E-07,0.9999999,3.503685E-08
0.4779165,0.5,-0.1469551
-1.139442E-07,0.9999999,3.503685E-08
0.4779165,0.5,-0.1469551
-1.139442E-07,0.9999999,3.503685E-08
0.4779165,0.5,-0.1469551
-1.139442E-07,0.9999999,3.503685E-08
0.4779165,0.5,-0.1469551
-1.139442E-07,0.9999999,3.503685E-08
0.4779165,0.5,-0.1469551
-1.139442E-07,0.9999999,3.503685E-08
0.4779165,0.5,-0.1469551
-1.139442E-07,0.9999999,3.503685E-08
0.4779165,0.5,-0.1469551
-1.139442E-07,0.9999999,3.503685E-08
0.4779165,0.5,-0.1469551
-1.139442E-07,0.9999999,3.503685E-08
0.4779165,0.5,-0.1469551
-1.139442E-07,0.9999999,3.503685E-08
0.4779165,0.5,-0.1469551
-1.139442E-07,0.9999999,3.503685E-08
0.4779165,0.5,-0.1469551
-1.139442E-07,0.9999999,3.503685E-08
0.4779165,0.5,-0.1469551
-1.139442E-07,0.9999999,3.503685E-08
0.4779165,0.5,-0.1469551
-1.139442E-07,0.9999999,3.503685E-08
0.4779165,0.5,-0.1469551
-1.139442E-07,0.9999999,3.503685E-08
0.4779165,0.5,-0.1469551
-1.139442E-07,0.9999999,3.503685E-08
0.4779165,0.5,-0.1469551
-1.139442E-07,0.9999999,3.503685E-08
0.4779165,0.5,-0.1469551
-1.139442E-07,0.9999999,3.503685E-08
0.4779165,0.5,-0.1469551
0.002134826,0.9998656,-0.01139344
0.4103241,0.3333372,0.2224981
0.002134826,0.9998656,-0.01139344
0.1371389,0.4995987,0.4605367
-0.0008616233,0.9991859,-0.04033123
0.005601189,0.9992726,-0.03646102
0.137139,0.4996217,0.4605367
-0.001757104,0.9987431,-0.04927468
0.1327278,0.4987623,0.4454678
-0.009683914,0.997467,-0.07046899
-0.001757104,0.9987431,-0.04927468
0.404591,0.3350039,0.1912323
-0.003392328,0.9978129,-0.06559436
0.4693166,0.5024655,-0.1938529
-0.9547942,-1.192093E-07,0.297268
-0.9547942,-1.192093E-07,0.297268
-0.9547942,-1.192093E-07,0.297268
-0.9547942,-1.192093E-07,0.297268
-0.9547942,-1.192093E-07,0.297268
-0.6151561,-5.867332E-08,-0.3320123
-0.6151561,-5.867332E-08,-0.3320123
-0.9547942,-1.192093E-07,0.297268
-0.6151561,-5.867332E-08,-0.3320123
-0.6151561,-5.867332E-08,-0.3320123
-0.4773972,0.4999999,0.148634
-0.4101041,0.3333333,-0.2213415
-0.4773972,0.4999999,0.148634
-0.9547942,-1.192093E-07,0.297268
-0.4773967,0.4999999,0.1486356
-0.9547932,-1.192093E-07,0.2972713
-0.2151677,0.3333333,0.4160797
-0.3227514,-5.867332E-08,0.6241196
-0.9547932,-1.192093E-07,0.2972713
-0.3227514,-5.867332E-08,0.6241196
-0.9547942,-1.192093E-07,0.297268
-0.9547932,-1.192093E-07,0.2972713
-0.3227514,-5.867332E-08,0.6241196
-0.9547938,-1.192093E-07,0.2972696
-0.6151561,-5.867332E-08,-0.3320123
-0.9547932,-1.192093E-07,0.2972713
-0.3227514,-5.867332E-08,0.6241196
-0.9547938,-1.192093E-07,0.2972696
-0.9547938,-1.192093E-07,0.2972696
-0.6151561,-5.867332E-08,-0.3320123
-0.9547932,-1.192093E-07,0.2972713
-0.3227514,-5.867332E-08,0.6241196
-0.9547938,-1.192093E-07,0.2972696
-0.9547932,-1.192093E-07,0.2972713
-0.6151561,-5.867332E-08,-0.3320123
-0.9547932,-1.192093E-07,0.2972713
-0.3227514,-5.867332E-08,0.6241196
-0.9547932,-1.192093E-07,0.2972713
-0.9547932,-1.192093E-07,0.2972713
-0.6151561,-5.867332E-08,-0.3320123
-0.9547932,-1.192093E-07,0.2972713
-0.3227514,-5.867332E-08,0.6241196
-0.9547932,-1.192093E-07,0.2972713
-0.9547932,-1.192093E-07,0.2972713
-0.6151561,-5.867332E-08,-0.3320123
-0.9547932,-1.192093E-07,0.2972713
-0.3227514,-5.867332E-08,0.6241196
-0.9547932,-1.192093E-07,0.2972713
-0.9547932,-1.192093E-07,0.2972713
-0.6151561,-5.867332E-08,-0.3320123
-0.9547932,-1.192093E-07,0.2972713
-0.3227514,-5.867332E-08,0.6241196
-0.9547932,-1.192093E-07,0.2972713
-0.9547932,-1.192093E-07,0.2972713
-0.6151561,-5.867332E-08,-0.3320123
-0.9547932,-1.192093E-07,0.2972713
-0.3227514,-5.867332E-08,0.6241196
-0.9547932,-1.192093E-07,0.2972713
-0.9547932,-1.192093E-07,0.2972713
-0.410104,-0.3333333,-0.2213416
-0.4773965,-0.5,0.1486356
-0.9547932,-1.192093E-07,0.2972713
-0.4773965,-0.5,0.1486356
-0.9547932,-1.192093E-07,0.2972713
-0.3227514,-5.867332E-08,0.6241196
-0.4773965,-0.5,0.1486356
-0.2151676,-0.3333333,0.4160797
-0.4746493,0.4999999,0.1571885
-0.2169162,0.3333333,0.4229244
0.1492745,0.5,0.4771973
-1.139442E-07,0.9999999,3.503685E-08
-0.4746493,0.4999999,0.1571885
0.149274,0.5,0.4771975
-1.139442E-07,0.9999999,3.503685E-08
-0.4746489,0.4999999,0.1571895
-1.139442E-07,0.9999999,3.503685E-08
0.149274,0.5,0.4771975
-1.139442E-07,0.9999999,3.503685E-08
-0.4128609,0.3333333,-0.2142881
-0.1446424,0.5,-0.4786217
-1.139442E-07,0.9999999,3.503685E-08
-1.139442E-07,0.9999999,3.503685E-08
0.1492745,0.5,0.4771973
-1.139442E-07,0.9999999,3.503685E-08
-0.1446419,0.5,-0.4786218
-1.139442E-07,0.9999999,3.503685E-08
0.1469551,0.5,0.4779166
-1.139442E-07,0.9999999,3.503685E-08
-1.139442E-07,0.9999999,3.503685E-08
-0.1446419,0.5,-0.4786218
-1.139442E-07,0.9999999,3.503685E-08
0.1469551,0.5,0.4779166
-1.139442E-07,0.9999999,3.503685E-08
-1.139442E-07,0.9999999,3.503685E-08
-0.1469553,0.5,-0.4779166
-1.139442E-07,0.9999999,3.503685E-08
0.1469551,0.5,0.4779166
-1.139442E-07,0.9999999,3.503685E-08
-1.139442E-07,0.9999999,3.503685E-08
-0.1469553,0.5,-0.4779166
-1.139442E-07,0.9999999,3.503685E-08
0.1469551,0.5,0.4779166
-1.139442E-07,0.9999999,3.503685E-08
-1.139442E-07,0.9999999,3.503685E-08
-0.1469553,0.5,-0.4779166
-1.139442E-07,0.9999999,3.503685E-08
0.1469551,0.5,0.4779166
-1.139442E-07,0.9999999,3.503685E-08
-1.139442E-07,0.9999999,3.503685E-08
-0.1469553,0.5,-0.4779166
-1.139442E-07,0.9999999,3.503685E-08
0.1469551,0.5,0.4779166
-1.139442E-07,0.9999999,3.503685E-08
-1.139442E-07,0.9999999,3.503685E-08
-0.1469553,0.5,-0.4779166
-1.139442E-07,0.9999999,3.503685E-08
0.1469551,0.5,0.4779166
-1.139442E-07,0.9999999,3.503685E-08
-1.139442E-07,0.9999999,3.503685E-08
-0.1469553,0.5,-0.4779166
-1.139442E-07,0.9999999,3.503685E-08
0.1469551,0.5,0.4779166
-1.139442E-07,0.9999999,3.503685E-08
-1.139442E-07,0.9999999,3.503685E-08
-0.1469553,0.5,-0.4779166
-1.139442E-07,0.9999999,3.503685E-08
0.1469551,0.5,0.4779166
-1.139442E-07,0.9999999,3.503685E-08
-1.139442E-07,0.9999999,3.503685E-08
-0.1469553,0.5,-0.4779166
-1.139442E-07,0.9999999,3.503685E-08
0.1469551,0.5,0.4779166
-1.139442E-07,0.9999999,3.503685E-08
-1.139442E-07,0.9999999,3.503685E-08
-0.1469553,0.5,-0.4779166
-1.139442E-07,0.9999999,3.503685E-08
0.1469551,0.5,0.4779166
-1.139442E-07,0.9999999,3.503685E-08
-1.139442E-07,0.9999999,3.503685E-08
-0.1469553,0.5,-0.4779166
-1.139442E-07,0.9999999,3.503685E-08
-0.220641,0.3333333,0.4165812
-1.139442E-07,0.9999999,3.503685E-08
-1.139442E-07,0.9999999,3.503685E-08
-0.1469553,0.5,-0.4779166
-1.139442E-07,0.9999999,3.503685E-08
-1.139442E-07,0.9999999,3.503685E-08
-0.1469553,0.5,-0.4779166
-1.139442E-07,0.9999999,3.503685E-08
-1.139442E-07,0.9999999,3.503685E-08
-1.139442E-07,0.9999999,3.503685E-08
0.2206409,0.3333333,-0.4165812
0.4779165,0.5,-0.1469551
-1.139442E-07,0.9999999,3.503685E-08
0.4779165,0.5,-0.1469551
-1.139442E-07,0.9999999,3.503685E-08
-0.4779166,0.4999999,0.1469552
-1.139442E-07,0.9999999,3.503685E-08
-1.139442E-07,0.9999999,3.503685E-08
0.4779165,0.5,-0.1469551
-1.139442E-07,0.9999999,3.503685E-08
-0.4779166,0.4999999,0.1469552
-1.139442E-07,0.9999999,3.503685E-08
-1.139442E-07,0.9999999,3.503685E-08
0.4779165,0.5,-0.1469551
-1.139442E-07,0.9999999,3.503685E-08
-0.4779166,0.4999999,0.1469552
-1.139442E-07,0.9999999,3.503685E-08
-1.139442E-07,0.9999999,3.503685E-08
0.4779165,0.5,-0.1469551
-1.139442E-07,0.9999999,3.503685E-08
-0.4779166,0.4999999,0.1469552
-1.139442E-07,0.9999999,3.503685E-08
-1.139442E-07,0.9999999,3.503685E-08
0.4779165,0.5,-0.1469551
-1.139442E-07,0.9999999,3.503685E-08
-0.4779166,0.4999999,0.1469552
-1.139442E-07,0.9999999,3.503685E-08
-1.139442E-07,0.9999999,3.503685E-08
0.4779165,0.5,-0.1469551
-1.139442E-07,0.9999999,3.503685E-08
-0.4779166,0.4999999,0.1469552
-1.139442E-07,0.9999999,3.503685E-08
-1.139442E-07,0.9999999,3.503685E-08
0.4779165,0.5,-0.1469551
-1.139442E-07,0.9999999,3.503685E-08
-0.4779166,0.4999999,0.1469552
-1.139442E-07,0.9999999,3.503685E-08
-1.139442E-07,0.9999999,3.503685E-08
0.4779165,0.5,-0.1469551
-1.139442E-07,0.9999999,3.503685E-08
-0.4779166,0.4999999,0.1469552
-1.139442E-07,0.9999999,3.503685E-08
-1.139442E-07,0.9999999,3.503685E-08
0.4779165,0.5,-0.1469551
-1.139442E-07,0.9999999,3.503685E-08
-0.4779166,0.4999999,0.1469552
-1.139442E-07,0.9999999,3.503685E-08
-1.139442E-07,0.9999999,3.503685E-08
0.4779165,0.5,-0.1469551
-1.139442E-07,0.9999999,3.503685E-08
-0.4779166,0.4999999,0.1469552
-1.139442E-07,0.9999999,3.503685E-08
-1.139442E-07,0.9999999,3.503685E-08
0.4779165,0.5,-0.1469551
-1.139442E-07,0.9999999,3.503685E-08
-0.4779166,0.4999999,0.1469552
-1.139442E-07,0.9999999,3.503685E-08
-1.139442E-07,0.9999999,3.503685E-08
0.4779165,0.5,-0.1469551
-1.139442E-07,0.9999999,3.503685E-08
-0.4779166,0.4999999,0.1469552
-1.139442E-07,0.9999999,3.503685E-08
-1.139442E-07,0.9999999,3.503685E-08
0.4779165,0.5,-0.1469551
-1.139442E-07,0.9999999,3.503685E-08
-0.4779166,0.4999999,0.1469552
-1.139442E-07,0.9999999,3.503685E-08
-1.139442E-07,0.9999999,3.503685E-08
0.4779165,0.5,-0.1469551
-1.139442E-07,0.9999999,3.503685E-08
-0.4779166,0.4999999,0.1469552
-1.139442E-07,0.9999999,3.503685E-08
-1.139442E-07,0.9999999,3.503685E-08
0.4779165,0.5,-0.1469551
-1.139442E-07,0.9999999,3.503685E-08
-0.4779166,0.4999999,0.1469552
-1.139442E-07,0.9999999,3.503685E-08
-1.139442E-07,0.9999999,3.503685E-08
0.4779165,0.5,-0.1469551
-1.139442E-07,0.9999999,3.503685E-08
-0.4779166,0.4999999,0.1469552
-1.139442E-07,0.9999999,3.503685E-08
-1.139442E-07,0.9999999,3.503685E-08
0.4779165,0.5,-0.1469551
-1.139442E-07,0.9999999,3.503685E-08
-0.4779166,0.4999999,0.1469552
-1.139442E-07,0.9999999,3.503685E-08
-1.139442E-07,0.9999999,3.503685E-08
0.4779165,0.5,-0.1469551
-1.139442E-07,0.9999999,3.503685E-08
-0.4779166,0.4999999,0.1469552
-1.139442E-07,0.9999999,3.503685E-08
-1.139442E-07,0.9999999,3.503685E-08
0.4779165,0.5,-0.1469551
-1.139442E-07,0.9999999,3.503685E-08
-0.4779166,0.4999999,0.1469552
-1.139442E-07,0.9999999,3.503685E-08
-1.139442E-07,0.9999999,3.503685E-08
0.4779165,0.5,-0.1469551
-1.139442E-07,0.9999999,3.503685E-08
-0.4779166,0.4999999,0.1469552
-1.139442E-07,0.9999999,3.503685E-08
-1.139442E-07,0.9999999,3.503685E-08
0.4779165,0.5,-0.1469551
-1.139442E-07,0.9999999,3.503685E-08
-0.4779166,0.4999999,0.1469552
-1.139442E-07,0.9999999,3.503685E-08
-1.139442E-07,0.9999999,3.503685E-08
0.4779165,0.5,-0.1469551
-1.139442E-07,0.9999999,3.503685E-08
-0.4779166,0.4999999,0.1469552
-1.139442E-07,0.9999999,3.503685E-08
-1.139442E-07,0.9999999,3.503685E-08
0.4217078,0.3333334,0.2190192
-1.139442E-07,0.9999999,3.503685E-08
-0.4779166,0.4999999,0.1469552
-1.139442E-07,0.9999999,3.503685E-08
-1.139442E-07,0.9999999,3.503685E-08
-1.139442E-07,0.9999999,3.503685E-08
-0.4104507,0.3333333,-0.2224618
-0.1377596,0.5,-0.4806479
-1.139442E-07,0.9999999,3.503685E-08
-1.139442E-07,0.9999999,3.503685E-08
-0.1377601,0.5,-0.4806477
-1.139442E-07,0.9999999,3.503685E-08
0.1546451,0.5,0.475484
-1.139442E-07,0.9999999,3.503685E-08
-1.139442E-07,0.9999999,3.503685E-08
-0.1377601,0.5,-0.4806477
-1.139442E-07,0.9999999,3.503685E-08
0.1546451,0.5,0.475484
-1.139442E-07,0.9999999,3.503685E-08
-1.139442E-07,0.9999999,3.503685E-08
-0.4101041,0.3333333,-0.2213415
-0.4773972,0.4999999,0.148634
-1.139442E-07,0.9999999,3.503685E-08
-0.4773972,0.4999999,0.148634
-1.139442E-07,0.9999999,3.503685E-08
0.1546451,0.5,0.475484
-0.4773967,0.4999999,0.1486356
-0.2151677,0.3333333,0.4160797
0.6117284,0.00377228,0.3220829
0.4693166,0.5024655,-0.1938529
0.404591,0.3350039,0.1912323
0.9483171,0.007463932,-0.3172368
0.6116766,0.003772118,0.3220977
0.4720925,0.5023947,-0.1951037
0.9483166,0.007463694,-0.3172383
0.6116769,0.003772357,0.3220986
0.9483171,0.007463932,-0.3172368
0.4720922,0.5023947,-0.1951046
0.9483166,0.007463694,-0.3172383
0.6116522,0.003772001,0.3221057
0.9483166,0.007463694,-0.3172383
0.9483166,0.007463813,-0.3172385
0.2119594,0.3347972,-0.447266
0.3188803,0.003570523,-0.6338969
0.9483171,0.00746417,-0.3172368
0.3188806,0.003570702,-0.6338961
0.9483171,0.00746429,-0.3172369
0.6116278,0.003771744,0.3221127
0.9483166,0.007463694,-0.3172383
0.9483171,0.00746417,-0.3172368
0.3190485,0.00357203,-0.6339508
0.9483171,0.00746429,-0.3172369
0.6115788,0.003771315,0.3221267
0.9483171,0.00746429,-0.3172369
0.9483171,0.007463932,-0.317237
0.3190485,0.003571911,-0.6339509
0.9483171,0.00746417,-0.317237
0.6115786,0.003771196,0.3221258
0.9483171,0.00746429,-0.3172369
0.9483171,0.007463932,-0.317237
0.319213,0.003572502,-0.6340046
0.9483171,0.00746417,-0.317237
0.6115302,0.003771288,0.3221406
0.9483171,0.00746417,-0.317237
0.9483165,0.007463813,-0.3172386
0.3192127,0.003572443,-0.6340054
0.9483166,0.007463694,-0.3172384
0.6115301,0.003771288,0.3221405
0.9483171,0.00746417,-0.317237
0.9483165,0.007463813,-0.3172386
0.3193759,0.003573929,-0.6340586
0.9483168,0.007463932,-0.3172376
0.6114823,0.003770784,0.3221542
0.9483171,0.007464051,-0.3172368
0.7237602,0.005001595,0.1090228
0.9483168,0.007463813,-0.317238
0.9483166,0.007463694,-0.3172384
0.9483168,0.007463932,-0.3172376
0.9483171,0.00746417,-0.3172369
0.3194579,0.003574654,-0.6340843
0.9483166,0.007463694,-0.3172384
0.9483168,0.007463753,-0.3172377
0.3195367,0.003575207,-0.63411
0.9483166,0.007463932,-0.3172385
0.9483168,0.007463753,-0.3172377
0.3195364,0.003575088,-0.6341107
0.9483168,0.007463694,-0.3172377
0.9483168,0.007463694,-0.3172377
0.9483168,0.007463813,-0.317238
0.9483169,0.007463872,-0.3172375
0.9483169,0.007463872,-0.3172375
0.9483166,0.007463813,-0.3172384
0.9483166,0.007463813,-0.3172384
0.3196947,0.003575993,-0.6341621
0.6430352,-0.3275774,-0.191438
0.2227927,-0.3301732,-0.4021954
0.6430351,-0.3275774,-0.1914381
0.6430352,-0.3275774,-0.191438
0.645683,-0.3275512,-0.1926391
0.6430351,-0.3275774,-0.1914381
0.3309614,5.960464E-08,-0.6248717
-0.1469553,0.5,-0.4779166
0.2206409,0.3333333,-0.4165812
-0.2939104,0,-0.9558332
0.3309614,5.960464E-08,-0.6248717
-0.1469553,0.5,-0.4779166
-0.2939104,0,-0.9558332
0.3309614,5.960464E-08,-0.6248717
-0.2939104,0,-0.9558332
-0.1469553,0.5,-0.4779166
-0.2939104,0,-0.9558332
0.3309614,5.960464E-08,-0.6248717
-0.2939104,0,-0.9558332
-0.2939104,0,-0.9558332
-0.1469553,0.5,-0.4779166
-0.2939104,0,-0.9558332
0.3309614,5.960464E-08,-0.6248717
-0.2939104,0,-0.9558332
-0.2939104,0,-0.9558332
-0.1469553,0.5,-0.4779166
-0.2939104,0,-0.9558332
-0.2939104,0,-0.9558332
0.3309614,5.960464E-08,-0.6248717
-0.2939104,0,-0.9558332
-0.1469553,0.5,-0.4779166
-0.2939104,0,-0.9558332
-0.2939104,0,-0.9558332
-0.2939104,0,-0.9558332
-0.2939104,0,-0.9558332
0.3309614,5.960464E-08,-0.6248717
-0.2939104,0,-0.9558332
-0.1469553,0.5,-0.4779166
-0.2939104,0,-0.9558332
-0.2939104,0,-0.9558332
-0.2939104,0,-0.9558332
-0.2939104,0,-0.9558332
-0.2939104,0,-0.9558332
0.3309614,5.960464E-08,-0.6248717
-0.2939104,0,-0.9558332
-0.1469553,0.5,-0.4779166
-0.2939104,0,-0.9558332
-0.2939104,0,-0.9558332
-0.2939104,0,-0.9558332
-0.2939104,0,-0.9558332
-0.2939104,0,-0.9558332
-0.2939104,0,-0.9558332
-0.1469553,0.5,-0.4779166
-0.2939104,0,-0.9558332
-0.2939104,0,-0.9558332
-0.2939104,0,-0.9558332
-0.2939104,0,-0.9558332
-0.2939104,0,-0.9558332
-0.1469553,0.5,-0.4779166
-0.2939104,0,-0.9558332
-0.2939104,0,-0.9558332
-0.2939104,0,-0.9558332
-0.2939104,0,-0.9558332
-0.1469553,0.5,-0.4779166
-0.2939104,0,-0.9558332
-0.2939104,0,-0.9558332
-0.2939104,0,-0.9558332
-0.1469553,0.5,-0.4779166
-0.2939104,0,-0.9558332
-0.2939104,0,-0.9558332
-0.1446419,0.5,-0.4786218
-0.2939104,0,-0.9558332
-0.2939104,0,-0.9558332
-0.2939104,0,-0.9558332
-0.2939104,0,-0.9558332
-0.2892836,4.656613E-10,-0.9572437
-0.1446419,0.5,-0.4786218
-0.2939104,0,-0.9558332
-0.2939104,0,-0.9558332
-0.2939104,0,-0.9558332
-0.2939104,0,-0.9558332
-0.2892836,4.656613E-10,-0.9572437
-0.1446424,0.5,-0.4786217
-0.2939104,0,-0.9558332
-0.2939104,0,-0.9558332
-0.2939104,0,-0.9558332
-0.2892836,4.656613E-10,-0.9572437
-0.2892847,4.656613E-10,-0.9572434
-0.4128609,0.3333333,-0.2142881
-0.6192912,-5.937181E-08,-0.3214322
-0.2892836,4.656613E-10,-0.9572437
-0.2892847,4.656613E-10,-0.9572434
-0.6192912,-5.937181E-08,-0.3214322
-0.2939104,0,-0.9558332
-0.2939104,0,-0.9558332
-0.2892836,4.656613E-10,-0.9572437
-0.2892847,4.656613E-10,-0.9572434
-0.6192912,-5.937181E-08,-0.3214322
-0.2892836,4.656613E-10,-0.9572437
-0.2939104,0,-0.9558332
-0.2892847,4.656613E-10,-0.9572434
-0.6192912,-5.937181E-08,-0.3214322
-0.2939104,0,-0.9558332
-0.2892836,4.656613E-10,-0.9572437
-0.2892836,4.656613E-10,-0.9572437
-0.2892847,4.656613E-10,-0.9572434
-0.6192912,-5.937181E-08,-0.3214322
-0.2892836,4.656613E-10,-0.9572437
-0.2892836,4.656613E-10,-0.9572437
-0.2939104,0,-0.9558332
-0.2939104,0,-0.9558332
-0.2892847,4.656613E-10,-0.9572434
-0.6192912,-5.937181E-08,-0.3214322
-0.2892836,4.656613E-10,-0.9572437
-0.2892836,4.656613E-10,-0.9572437
-0.2939104,0,-0.9558332
-0.2892847,4.656613E-10,-0.9572434
-0.6192912,-5.937181E-08,-0.3214322
-0.2892836,4.656613E-10,-0.9572437
-0.2892836,4.656613E-10,-0.9572437
-0.2892847,4.656613E-10,-0.9572434
-0.6192912,-5.937181E-08,-0.3214322
-0.2892836,4.656613E-10,-0.9572437
-0.2892847,4.656613E-10,-0.9572434
-0.6192912,-5.937181E-08,-0.3214322
-0.2939104,0,-0.9558332
-0.2939104,0,-0.9558332
-0.2892836,4.656613E-10,-0.9572437
-0.2892836,4.656613E-10,-0.9572437
-0.2892847,4.656613E-10,-0.9572434
-0.6192912,-5.937181E-08,-0.3214322
-0.2939104,0,-0.9558332
-0.2939104,0,-0.9558332
-0.2892836,4.656613E-10,-0.9572437
-0.2892837,4.656613E-10,-0.9572437
-0.2892847,4.656613E-10,-0.9572434
-0.7292933,-7.931764E-08,-0.1094951
-0.1446423,-0.5,-0.4786217
-0.4128608,-0.3333333,-0.2142882
-0.1446418,-0.5,-0.4786219
-0.2892837,4.656613E-10,-0.9572437
-0.1446418,-0.5,-0.4786219
-0.2892837,4.656613E-10,-0.9572437
-0.1446423,-0.5,-0.4786217
-0.2892837,4.656613E-10,-0.9572437
-0.2939104,0,-0.9558332
-0.1469551,-0.5,-0.4779166
-0.2939104,0,-0.9558332
-0.2939104,0,-0.9558332
-0.1469551,-0.5,-0.4779166
-0.2939104,0,-0.9558332
-0.2939104,0,-0.9558332
-0.1469551,-0.5,-0.4779166
-0.2939104,0,-0.9558332
-0.2939104,0,-0.9558332
-0.2939104,0,-0.9558332
-0.1469551,-0.5,-0.4779166
-0.2939104,0,-0.9558332
-0.2939104,0,-0.9558332
-0.2939104,0,-0.9558332
-0.1469551,-0.5,-0.4779166
-0.2939104,0,-0.9558332
-0.2939104,0,-0.9558332
-0.2939104,0,-0.9558332
-0.2939104,0,-0.9558332
-0.1469551,-0.5,-0.4779166
-0.2939104,0,-0.9558332
-0.2939104,0,-0.9558332
-0.2939104,0,-0.9558332
-0.2939104,0,-0.9558332
-0.1469551,-0.5,-0.4779166
-0.2939104,0,-0.9558332
-0.2939104,0,-0.9558332
-0.2939104,0,-0.9558332
-0.2939104,0,-0.9558332
-0.2939104,0,-0.9558332
-0.1469551,-0.5,-0.4779166
-0.2939104,0,-0.9558332
-0.2939104,0,-0.9558332
-0.2939104,0,-0.9558332
-0.2939104,0,-0.9558332
-0.2939104,0,-0.9558332
-0.2939104,0,-0.9558332
-0.2939104,0,-0.9558332
-0.2939104,0,-0.9558332
-0.2939104,0,-0.9558332
-0.2939104,0,-0.9558332
-0.2939104,0,-0.9558332
-0.2939104,0,-0.9558332
-0.2939104,0,-0.9558332
-0.2939104,0,-0.9558332
-0.2939104,0,-0.9558332
-0.2939104,0,-0.9558332
-0.2939104,0,-0.9558332
-0.2939104,0,-0.9558332
-0.2939104,0,-0.9558332
-0.2939104,0,-0.9558332
-0.2939104,0,-0.9558332
-0.2939104,0,-0.9558332
-0.2939104,0,-0.9558332
-0.1469551,-0.5,-0.4779166
-0.2939104,0,-0.9558332
-0.2939104,0,-0.9558332
-0.2939104,0,-0.9558332
-0.1469551,-0.5,-0.4779166
-0.2939104,0,-0.9558332
-0.2939104,0,-0.9558332
-0.2939104,0,-0.9558332
-0.2939104,0,-0.9558332
-0.2939104,0,-0.9558332
-0.1469551,-0.5,-0.4779166
-0.2939104,0,-0.9558332
-0.2939104,0,-0.9558332
-0.2939104,0,-0.9558332
-0.2939104,0,-0.9558332
0.3309614,5.960464E-08,-0.6248717
-0.2939104,0,-0.9558332
-0.2939104,0,-0.9558332
0.3309614,5.960464E-08,-0.6248717
-0.2939104,0,-0.9558332
-0.2939104,0,-0.9558332
-0.2939104,0,-0.9558332
0.3309614,5.960464E-08,-0.6248717
-0.2939104,0,-0.9558332
-0.2939104,0,-0.9558332
-0.2939104,0,-0.9558332
0.220641,-0.3333333,-0.4165812
0.6152178,5.54882E-06,0.3338239
0.4779166,-0.4999999,-0.1469552
0.4166886,-0.3332279,0.2175496
0.9558331,1.192093E-07,-0.2939103
0.6152645,5.585141E-06,0.3338105
0.4779166,-0.4999999,-0.1469552
0.9558331,1.192093E-07,-0.2939103
0.6152645,5.585141E-06,0.3338105
0.9558331,1.192093E-07,-0.2939103
0.4779166,-0.4999999,-0.1469552
0.9558331,1.192093E-07,-0.2939103
0.615312,5.635433E-06,0.333797
0.9558331,1.192093E-07,-0.2939103
0.9558331,1.192093E-07,-0.2939103
0.4779166,-0.4999999,-0.1469552
0.9558331,1.192093E-07,-0.2939103
0.615312,5.635433E-06,0.333797
0.9558331,1.192093E-07,-0.2939103
0.9558331,1.192093E-07,-0.2939103
0.4779166,-0.4999999,-0.1469552
0.9558331,1.192093E-07,-0.2939103
0.9558331,1.192093E-07,-0.2939103
0.6153609,5.68293E-06,0.333783
0.9558331,1.192093E-07,-0.2939103
0.4779166,-0.4999999,-0.1469552
0.9558331,1.192093E-07,-0.2939103
0.9558331,1.192093E-07,-0.2939103
0.9558331,1.192093E-07,-0.2939103
0.9558331,1.192093E-07,-0.2939103
0.6153609,5.68293E-06,0.333783
0.9558331,1.192093E-07,-0.2939103
0.4779166,-0.4999999,-0.1469552
0.9558331,1.192093E-07,-0.2939103
0.9558331,1.192093E-07,-0.2939103
0.9558331,1.192093E-07,-0.2939103
0.9558331,1.192093E-07,-0.2939103
0.9558331,1.192093E-07,-0.2939103
0.6154101,5.725771E-06,0.3337689
0.9558331,1.192093E-07,-0.2939103
0.4779166,-0.4999999,-0.1469552
0.9558331,1.192093E-07,-0.2939103
0.9558331,1.192093E-07,-0.2939103
0.9558331,1.192093E-07,-0.2939103
0.9558331,1.192093E-07,-0.2939103
0.9558331,1.192093E-07,-0.2939103
0.9558331,1.192093E-07,-0.2939103
0.4779166,-0.4999999,-0.1469552
0.9558331,1.192093E-07,-0.2939103
0.9558331,1.192093E-07,-0.2939103
0.9558331,1.192093E-07,-0.2939103
0.9558331,1.192093E-07,-0.2939103
0.9558331,1.192093E-07,-0.2939103
0.4779166,-0.4999999,-0.1469552
0.9558331,1.192093E-07,-0.2939103
0.9558331,1.192093E-07,-0.2939103
0.9558331,1.192093E-07,-0.2939103
0.9558331,1.192093E-07,-0.2939103
0.4779166,-0.4999999,-0.1469552
0.9558331,1.192093E-07,-0.2939103
0.9558331,1.192093E-07,-0.2939103
0.9558331,1.192093E-07,-0.2939103
0.4779166,-0.4999999,-0.1469552
0.9558331,1.192093E-07,-0.2939103
0.9558331,1.192093E-07,-0.2939103
0.4779166,-0.4999999,-0.1469552
0.9558331,1.192093E-07,-0.2939103
0.9558331,1.192093E-07,-0.2939103
0.9558331,1.192093E-07,-0.2939103
0.9558331,1.192093E-07,-0.2939103
0.9558331,1.192093E-07,-0.2939103
0.4779166,-0.4999999,-0.1469552
0.9558331,1.192093E-07,-0.2939103
0.9558331,1.192093E-07,-0.2939103
0.9558331,1.192093E-07,-0.2939103
0.9558331,1.192093E-07,-0.2939103
0.9558331,1.192093E-07,-0.2939103
0.4779166,-0.4999999,-0.1469552
0.9558331,1.192093E-07,-0.2939103
0.9558331,1.192093E-07,-0.2939103
0.9558331,1.192093E-07,-0.2939103
0.9558331,1.192093E-07,-0.2939103
0.9558331,1.192093E-07,-0.2939103
0.4779166,-0.4999999,-0.1469552
0.9558331,1.192093E-07,-0.2939103
0.9558331,1.192093E-07,-0.2939103
0.9558331,1.192093E-07,-0.2939103
0.9558331,1.192093E-07,-0.2939103
0.9558331,1.192093E-07,-0.2939103
0.4779166,-0.4999999,-0.1469552
0.9558331,1.192093E-07,-0.2939103
0.9558331,1.192093E-07,-0.2939103
0.9558331,1.192093E-07,-0.2939103
0.9558331,1.192093E-07,-0.2939103
0.9558331,1.192093E-07,-0.2939103
0.4779166,-0.4999999,-0.1469552
0.9558331,1.192093E-07,-0.2939103
0.9558331,1.192093E-07,-0.2939103
0.9558331,1.192093E-07,-0.2939103
0.9558331,1.192093E-07,-0.2939103
0.9558331,1.192093E-07,-0.2939103
0.4779166,-0.4999999,-0.1469552
0.9558331,1.192093E-07,-0.2939103
0.9558331,1.192093E-07,-0.2939103
0.9558331,1.192093E-07,-0.2939103
0.9558331,1.192093E-07,-0.2939103
0.9558331,1.192093E-07,-0.2939103
0.4779166,-0.4999999,-0.1469552
0.9558331,1.192093E-07,-0.2939103
0.9558331,1.192093E-07,-0.2939103
0.9558331,1.192093E-07,-0.2939103
0.9558331,1.192093E-07,-0.2939103
0.9558331,1.192093E-07,-0.2939103
0.4779166,-0.4999999,-0.1469552
0.9558331,1.192093E-07,-0.2939103
0.9558331,1.192093E-07,-0.2939103
0.9558331,1.192093E-07,-0.2939103
0.9558331,1.192093E-07,-0.2939103
0.9558331,1.192093E-07,-0.2939103
0.4779166,-0.4999999,-0.1469552
0.9558331,1.192093E-07,-0.2939103
0.9558331,1.192093E-07,-0.2939103
0.9558331,1.192093E-07,-0.2939103
0.9558331,1.192093E-07,-0.2939103
0.9558331,1.192093E-07,-0.2939103
0.4779166,-0.4999999,-0.1469552
0.9558331,1.192093E-07,-0.2939103
0.9558331,1.192093E-07,-0.2939103
0.9558331,1.192093E-07,-0.2939103
0.9558331,1.192093E-07,-0.2939103
0.9558331,1.192093E-07,-0.2939103
0.220641,-0.3333333,-0.4165812
0.3309614,5.960464E-08,-0.6248717
0.9558331,1.192093E-07,-0.2939103
0.9558331,1.192093E-07,-0.2939103
0.3309614,5.960464E-08,-0.6248717
0.9558331,1.192093E-07,-0.2939103
0.9558331,1.192093E-07,-0.2939103
0.9558331,1.192093E-07,-0.2939103
0.9558331,1.192093E-07,-0.2939103
0.3309614,5.960464E-08,-0.6248717
0.9558331,1.192093E-07,-0.2939103
0.9558331,1.192093E-07,-0.2939103
0.9558331,1.192093E-07,-0.2939103
0.3309614,5.960464E-08,-0.6248717
0.9558331,1.192093E-07,-0.2939103
0.9558331,1.192093E-07,-0.2939103
0.9558331,1.192093E-07,-0.2939103
0.9558331,1.192093E-07,-0.2939103
0.3309614,5.960464E-08,-0.6248717
0.9558331,1.192093E-07,-0.2939103
0.9558331,1.192093E-07,-0.2939103
0.9558331,1.192093E-07,-0.2939103
0.9558331,1.192093E-07,-0.2939103
0.9558331,1.192093E-07,-0.2939103
0.3309614,5.960464E-08,-0.6248717
0.9558331,1.192093E-07,-0.2939103
0.9558331,1.192093E-07,-0.2939103
0.9558331,1.192093E-07,-0.2939103
0.9558331,1.192093E-07,-0.2939103
0.3309614,5.960464E-08,-0.6248717
0.9558331,1.192093E-07,-0.2939103
0.9558331,1.192093E-07,-0.2939103
0.9558331,1.192093E-07,-0.2939103
0.3309614,5.960464E-08,-0.6248717
0.9558331,1.192093E-07,-0.2939103
0.9558331,1.192093E-07,-0.2939103
0.3309614,5.960464E-08,-0.6248717
0.9558331,1.192093E-07,-0.2939103
0.9558331,1.192093E-07,-0.2939103
0.9558331,1.192093E-07,-0.2939103
0.9558331,1.192093E-07,-0.2939103
0.9558331,1.192093E-07,-0.2939103
0.3309614,5.960464E-08,-0.6248717
0.9558331,1.192093E-07,-0.2939103
0.9558331,1.192093E-07,-0.2939103
0.9558331,1.192093E-07,-0.2939103
0.9558331,1.192093E-07,-0.2939103
0.9558331,1.192093E-07,-0.2939103
0.3309614,5.960464E-08,-0.6248717
0.4779165,0.5,-0.1469551
0.2206409,0.3333333,-0.4165812
0.4779165,0.5,-0.1469551
0.9558331,1.192093E-07,-0.2939103
0.4779165,0.5,-0.1469551
0.9558331,1.192093E-07,-0.2939103
0.4779165,0.5,-0.1469551
0.9558331,1.192093E-07,-0.2939103
0.9558331,1.192093E-07,-0.2939103
0.4779165,0.5,-0.1469551
0.9558331,1.192093E-07,-0.2939103
0.9558331,1.192093E-07,-0.2939103
0.4779165,0.5,-0.1469551
0.9558331,1.192093E-07,-0.2939103
0.9558331,1.192093E-07,-0.2939103
0.4779165,0.5,-0.1469551
0.9558331,1.192093E-07,-0.2939103
0.9558331,1.192093E-07,-0.2939103
0.9558331,1.192093E-07,-0.2939103
0.4779165,0.5,-0.1469551
0.9558331,1.192093E-07,-0.2939103
0.9558331,1.192093E-07,-0.2939103
0.9558331,1.192093E-07,-0.2939103
0.4779165,0.5,-0.1469551
0.9558331,1.192093E-07,-0.2939103
0.9558331,1.192093E-07,-0.2939103
0.9558331,1.192093E-07,-0.2939103
0.9558331,1.192093E-07,-0.2939103
0.4779165,0.5,-0.1469551
0.9558331,1.192093E-07,-0.2939103
0.9558331,1.192093E-07,-0.2939103
0.9558331,1.192093E-07,-0.2939103
0.9558331,1.192093E-07,-0.2939103
0.4779165,0.5,-0.1469551
0.9558331,1.192093E-07,-0.2939103
0.9558331,1.192093E-07,-0.2939103
0.9558331,1.192093E-07,-0.2939103
0.9558331,1.192093E-07,-0.2939103
0.9558331,1.192093E-07,-0.2939103
0.4779165,0.5,-0.1469551
0.9558331,1.192093E-07,-0.2939103
0.9558331,1.192093E-07,-0.2939103
0.9558331,1.192093E-07,-0.2939103
0.9558331,1.192093E-07,-0.2939103
0.9558331,1.192093E-07,-0.2939103
0.9558331,1.192093E-07,-0.2939103
0.9558331,1.192093E-07,-0.2939103
0.9558331,1.192093E-07,-0.2939103
0.9558331,1.192093E-07,-0.2939103
0.9558331,1.192093E-07,-0.2939103
0.9558331,1.192093E-07,-0.2939103
0.9558331,1.192093E-07,-0.2939103
0.9558331,1.192093E-07,-0.2939103
0.9558331,1.192093E-07,-0.2939103
0.9558331,1.192093E-07,-0.2939103
0.9558331,1.192093E-07,-0.2939103
0.9558331,1.192093E-07,-0.2939103
0.9558331,1.192093E-07,-0.2939103
0.9558331,1.192093E-07,-0.2939103
0.9558331,1.192093E-07,-0.2939103
0.9558331,1.192093E-07,-0.2939103
0.9558331,1.192093E-07,-0.2939103
0.9558331,1.192093E-07,-0.2939103
0.4779165,0.5,-0.1469551
0.9558331,1.192093E-07,-0.2939103
0.9558331,1.192093E-07,-0.2939103
0.9558331,1.192093E-07,-0.2939103
0.4779165,0.5,-0.1469551
0.9558331,1.192093E-07,-0.2939103
0.9558331,1.192093E-07,-0.2939103
0.9558331,1.192093E-07,-0.2939103
0.9558331,1.192093E-07,-0.2939103
0.9558331,1.192093E-07,-0.2939103
0.4779165,0.5,-0.1469551
0.9558331,1.192093E-07,-0.2939103
0.9558331,1.192093E-07,-0.2939103
0.9558331,1.192093E-07,-0.2939103
0.9558331,1.192093E-07,-0.2939103
0.9558331,1.192093E-07,-0.2939103
0.9558331,1.192093E-07,-0.2939103
0.9558331,1.192093E-07,-0.2939103
0.9558331,1.192093E-07,-0.2939103
0.9558331,1.192093E-07,-0.2939103
0.9558331,1.192093E-07,-0.2939103
0.9558331,1.192093E-07,-0.2939103
0.4779165,0.5,-0.1469551
0.9558331,1.192093E-07,-0.2939103
0.9558331,1.192093E-07,-0.2939103
0.4779165,0.5,-0.1469551
0.9558331,1.192093E-07,-0.2939103
0.9558331,1.192093E-07,-0.2939103
0.9558331,1.192093E-07,-0.2939103
0.9558331,1.192093E-07,-0.2939103
0.4779165,0.5,-0.1469551
0.9558331,1.192093E-07,-0.2939103
0.9558331,1.192093E-07,-0.2939103
0.9558331,1.192093E-07,-0.2939103
0.9558331,1.192093E-07,-0.2939103
0.9558331,1.192093E-07,-0.2939103
0.4779165,0.5,-0.1469551
0.9558331,1.192093E-07,-0.2939103
0.9558331,1.192093E-07,-0.2939103
0.9558331,1.192093E-07,-0.2939103
0.4779165,0.5,-0.1469551
0.9558331,1.192093E-07,-0.2939103
0.9558331,1.192093E-07,-0.2939103
0.9558331,1.192093E-07,-0.2939103
0.9558331,1.192093E-07,-0.2939103
0.4779165,0.5,-0.1469551
0.9558331,1.192093E-07,-0.2939103
0.9558331,1.192093E-07,-0.2939103
0.9558331,1.192093E-07,-0.2939103
0.9558331,1.192093E-07,-0.2939103
0.9558331,1.192093E-07,-0.2939103
0.4779165,0.5,-0.1469551
0.9558331,1.192093E-07,-0.2939103
0.9558331,1.192093E-07,-0.2939103
0.9558331,1.192093E-07,-0.2939103
0.9558331,1.192093E-07,-0.2939103
0.9558331,1.192093E-07,-0.2939103
0.9558331,1.192093E-07,-0.2939103
0.4779165,0.5,-0.1469551
0.9558331,1.192093E-07,-0.2939103
0.9558331,1.192093E-07,-0.2939103
0.9558331,1.192093E-07,-0.2939103
0.9558331,1.192093E-07,-0.2939103
0.9558331,1.192093E-07,-0.2939103
0.9558331,1.192093E-07,-0.2939103
0.4103241,0.3333372,0.2224981
0.6154606,5.86547E-06,0.3337545
0.9558331,1.192093E-07,-0.2939103
0.9558331,1.192093E-07,-0.2939103
0.6154606,5.86547E-06,0.3337545
0.9558331,1.192093E-07,-0.2939103
0.9558331,1.192093E-07,-0.2939103
0.9558331,1.192093E-07,-0.2939103
0.9558331,1.192093E-07,-0.2939103
0.6154101,5.725771E-06,0.3337689
0.9558331,1.192093E-07,-0.2939103
0.9558331,1.192093E-07,-0.2939103
0.9558331,1.192093E-07,-0.2939103
0.9558331,1.192093E-07,-0.2939103
0.9558331,1.192093E-07,-0.2939103
0.9558331,1.192093E-07,-0.2939103
0.9558331,1.192093E-07,-0.2939103
0.9558331,1.192093E-07,-0.2939103
-0.6332767,-2.310611E-05,-0.3282956
-0.4779166,0.4999999,0.1469552
-0.4221846,0.3333179,-0.2188637
-0.9558331,-1.192093E-07,0.2939103
-0.6331083,-2.276059E-05,-0.3283506
-0.4779166,0.4999999,0.1469552
-0.9558331,-1.192093E-07,0.2939103
-0.6331083,-2.276059E-05,-0.3283506
-0.9558331,-1.192093E-07,0.2939103
-0.4779166,0.4999999,0.1469552
-0.9558331,-1.192093E-07,0.2939103
-0.6329418,-2.277922E-05,-0.328405
-0.9558331,-1.192093E-07,0.2939103
-0.9558331,-1.192093E-07,0.2939103
-0.4779166,0.4999999,0.1469552
-0.9558331,-1.192093E-07,0.2939103
-0.6329418,-2.277922E-05,-0.328405
-0.9558331,-1.192093E-07,0.2939103
-0.9558331,-1.192093E-07,0.2939103
-0.4779166,0.4999999,0.1469552
-0.9558331,-1.192093E-07,0.2939103
-0.9558331,-1.192093E-07,0.2939103
-0.6327786,-2.261996E-05,-0.3284582
-0.9558331,-1.192093E-07,0.2939103
-0.4779166,0.4999999,0.1469552
-0.9558331,-1.192093E-07,0.2939103
-0.9558331,-1.192093E-07,0.2939103
-0.9558331,-1.192093E-07,0.2939103
-0.9558331,-1.192093E-07,0.2939103
-0.6327786,-2.261996E-05,-0.3284582
-0.9558331,-1.192093E-07,0.2939103
-0.4779166,0.4999999,0.1469552
-0.9558331,-1.192093E-07,0.2939103
-0.9558331,-1.192093E-07,0.2939103
-0.9558331,-1.192093E-07,0.2939103
-0.9558331,-1.192093E-07,0.2939103
-0.9558331,-1.192093E-07,0.2939103
-0.6326172,-2.246629E-05,-0.3285108
-0.9558331,-1.192093E-07,0.2939103
-0.4779166,0.4999999,0.1469552
-0.9558331,-1.192093E-07,0.2939103
-0.9558331,-1.192093E-07,0.2939103
-0.9558331,-1.192093E-07,0.2939103
-0.9558331,-1.192093E-07,0.2939103
-0.9558331,-1.192093E-07,0.2939103
-0.9558331,-1.192093E-07,0.2939103
-0.4779166,0.4999999,0.1469552
-0.9558331,-1.192093E-07,0.2939103
-0.9558331,-1.192093E-07,0.2939103
-0.9558331,-1.192093E-07,0.2939103
-0.9558331,-1.192093E-07,0.2939103
-0.9558331,-1.192093E-07,0.2939103
-0.4779166,0.4999999,0.1469552
-0.9558331,-1.192093E-07,0.2939103
-0.9558331,-1.192093E-07,0.2939103
-0.9558331,-1.192093E-07,0.2939103
-0.9558331,-1.192093E-07,0.2939103
-0.4779166,0.4999999,0.1469552
-0.9558331,-1.192093E-07,0.2939103
-0.9558331,-1.192093E-07,0.2939103
-0.9558331,-1.192093E-07,0.2939103
-0.4779166,0.4999999,0.1469552
-0.9558331,-1.192093E-07,0.2939103
-0.9558331,-1.192093E-07,0.2939103
-0.4779166,0.4999999,0.1469552
-0.9558331,-1.192093E-07,0.2939103
-0.9558331,-1.192093E-07,0.2939103
-0.9558331,-1.192093E-07,0.2939103
-0.9558331,-1.192093E-07,0.2939103
-0.9558331,-1.192093E-07,0.2939103
-0.4779166,0.4999999,0.1469552
-0.9558331,-1.192093E-07,0.2939103
-0.9558331,-1.192093E-07,0.2939103
-0.9558331,-1.192093E-07,0.2939103
-0.9558331,-1.192093E-07,0.2939103
-0.9558331,-1.192093E-07,0.2939103
-0.4779166,0.4999999,0.1469552
-0.9558331,-1.192093E-07,0.2939103
-0.9558331,-1.192093E-07,0.2939103
-0.9558331,-1.192093E-07,0.2939103
-0.9558331,-1.192093E-07,0.2939103
-0.9558331,-1.192093E-07,0.2939103
-0.4779166,0.4999999,0.1469552
-0.9558331,-1.192093E-07,0.2939103
-0.9558331,-1.192093E-07,0.2939103
-0.9558331,-1.192093E-07,0.2939103
-0.9558331,-1.192093E-07,0.2939103
-0.9558331,-1.192093E-07,0.2939103
-0.4779166,0.4999999,0.1469552
-0.9558331,-1.192093E-07,0.2939103
-0.9558331,-1.192093E-07,0.2939103
-0.9558331,-1.192093E-07,0.2939103
-0.9558331,-1.192093E-07,0.2939103
-0.9558331,-1.192093E-07,0.2939103
-0.4779166,0.4999999,0.1469552
-0.9558331,-1.192093E-07,0.2939103
-0.9558331,-1.192093E-07,0.2939103
-0.9558331,-1.192093E-07,0.2939103
-0.9558331,-1.192093E-07,0.2939103
-0.9558331,-1.192093E-07,0.2939103
-0.4779166,0.4999999,0.1469552
-0.9558331,-1.192093E-07,0.2939103
-0.9558331,-1.192093E-07,0.2939103
-0.9558331,-1.192093E-07,0.2939103
-0.9558331,-1.192093E-07,0.2939103
-0.9558331,-1.192093E-07,0.2939103
-0.4779166,0.4999999,0.1469552
-0.9558331,-1.192093E-07,0.2939103
-0.9558331,-1.192093E-07,0.2939103
-0.9558331,-1.192093E-07,0.2939103
-0.9558331,-1.192093E-07,0.2939103
-0.9558331,-1.192093E-07,0.2939103
-0.4779166,0.4999999,0.1469552
-0.9558331,-1.192093E-07,0.2939103
-0.9558331,-1.192093E-07,0.2939103
-0.9558331,-1.192093E-07,0.2939103
-0.9558331,-1.192093E-07,0.2939103
-0.9558331,-1.192093E-07,0.2939103
-0.4779166,0.4999999,0.1469552
-0.9558331,-1.192093E-07,0.2939103
-0.9558331,-1.192093E-07,0.2939103
-0.9558331,-1.192093E-07,0.2939103
-0.9558331,-1.192093E-07,0.2939103
-0.9558331,-1.192093E-07,0.2939103
-0.4779166,0.4999999,0.1469552
-0.9558331,-1.192093E-07,0.2939103
-0.9558331,-1.192093E-07,0.2939103
-0.9558331,-1.192093E-07,0.2939103
-0.9558331,-1.192093E-07,0.2939103
-0.9558331,-1.192093E-07,0.2939103
-0.220641,0.3333333,0.4165812
-0.3309614,-5.960464E-08,0.6248717
-0.9558331,-1.192093E-07,0.2939103
-0.9558331,-1.192093E-07,0.2939103
-0.3309614,-5.960464E-08,0.6248717
-0.9558331,-1.192093E-07,0.2939103
-0.9558331,-1.192093E-07,0.2939103
-0.9558331,-1.192093E-07,0.2939103
-0.9558331,-1.192093E-07,0.2939103
-0.3309614,-5.960464E-08,0.6248717
-0.9558331,-1.192093E-07,0.2939103
-0.9558331,-1.192093E-07,0.2939103
-0.9558331,-1.192093E-07,0.2939103
-0.3309614,-5.960464E-08,0.6248717
-0.9558331,-1.192093E-07,0.2939103
-0.9558331,-1.192093E-07,0.2939103
-0.9558331,-1.192093E-07,0.2939103
-0.9558331,-1.192093E-07,0.2939103
-0.3309614,-5.960464E-08,0.6248717
-0.9558331,-1.192093E-07,0.2939103
-0.9558331,-1.192093E-07,0.2939103
-0.9558331,-1.192093E-07,0.2939103
-0.9558331,-1.192093E-07,0.2939103
-0.9558331,-1.192093E-07,0.2939103
-0.3309614,-5.960464E-08,0.6248717
-0.9558331,-1.192093E-07,0.2939103
-0.9558331,-1.192093E-07,0.2939103
-0.9558331,-1.192093E-07,0.2939103
-0.9558331,-1.192093E-07,0.2939103
-0.3309614,-5.960464E-08,0.6248717
-0.9558331,-1.192093E-07,0.2939103
-0.9558331,-1.192093E-07,0.2939103
-0.9558331,-1.192093E-07,0.2939103
-0.3309614,-5.960464E-08,0.6248717
-0.9558331,-1.192093E-07,0.2939103
-0.9558331,-1.192093E-07,0.2939103
-0.3309614,-5.960464E-08,0.6248717
-0.9558331,-1.192093E-07,0.2939103
-0.9558331,-1.192093E-07,0.2939103
-0.9558331,-1.192093E-07,0.2939103
-0.9558331,-1.192093E-07,0.2939103
-0.9558331,-1.192093E-07,0.2939103
-0.3309614,-5.960464E-08,0.6248717
-0.9558331,-1.192093E-07,0.2939103
-0.9558331,-1.192093E-07,0.2939103
-0.9558331,-1.192093E-07,0.2939103
-0.9558331,-1.192093E-07,0.2939103
-0.9558331,-1.192093E-07,0.2939103
-0.3309614,-5.960464E-08,0.6248717
-0.4779165,-0.5,0.1469551
-0.2206409,-0.3333333,0.4165812
-0.4779165,-0.5,0.1469551
-0.9558331,-1.192093E-07,0.2939103
-0.4779165,-0.5,0.1469551
-0.9558331,-1.192093E-07,0.2939103
-0.4779165,-0.5,0.1469551
-0.9558331,-1.192093E-07,0.2939103
-0.9558331,-1.192093E-07,0.2939103
-0.4779165,-0.5,0.1469551
-0.9558331,-1.192093E-07,0.2939103
-0.9558331,-1.192093E-07,0.2939103
-0.4779165,-0.5,0.1469551
-0.9558331,-1.192093E-07,0.2939103
-0.9558331,-1.192093E-07,0.2939103
-0.4779165,-0.5,0.1469551
-0.9558331,-1.192093E-07,0.2939103
-0.9558331,-1.192093E-07,0.2939103
-0.9558331,-1.192093E-07,0.2939103
-0.4779165,-0.5,0.1469551
-0.9558331,-1.192093E-07,0.2939103
-0.9558331,-1.192093E-07,0.2939103
-0.9558331,-1.192093E-07,0.2939103
-0.4779165,-0.5,0.1469551
-0.9558331,-1.192093E-07,0.2939103
-0.9558331,-1.192093E-07,0.2939103
-0.9558331,-1.192093E-07,0.2939103
-0.9558331,-1.192093E-07,0.2939103
-0.4779165,-0.5,0.1469551
-0.9558331,-1.192093E-07,0.2939103
-0.9558331,-1.192093E-07,0.2939103
-0.9558331,-1.192093E-07,0.2939103
-0.9558331,-1.192093E-07,0.2939103
-0.4779165,-0.5,0.1469551
-0.9558331,-1.192093E-07,0.2939103
-0.9558331,-1.192093E-07,0.2939103
-0.9558331,-1.192093E-07,0.2939103
-0.9558331,-1.192093E-07,0.2939103
-0.9558331,-1.192093E-07,0.2939103
-0.4779165,-0.5,0.1469551
-0.9558331,-1.192093E-07,0.2939103
-0.9558331,-1.192093E-07,0.2939103
-0.9558331,-1.192093E-07,0.2939103
-0.9558331,-1.192093E-07,0.2939103
-0.9558331,-1.192093E-07,0.2939103
-0.9558331,-1.192093E-07,0.2939103
-0.9558331,-1.192093E-07,0.2939103
-0.9558331,-1.192093E-07,0.2939103
-0.9558331,-1.192093E-07,0.2939103
-0.9558331,-1.192093E-07,0.2939103
-0.9558331,-1.192093E-07,0.2939103
-0.9558331,-1.192093E-07,0.2939103
-0.9558331,-1.192093E-07,0.2939103
-0.9558331,-1.192093E-07,0.2939103
-0.9558331,-1.192093E-07,0.2939103
-0.9558331,-1.192093E-07,0.2939103
-0.9558331,-1.192093E-07,0.2939103
-0.9558331,-1.192093E-07,0.2939103
-0.9558331,-1.192093E-07,0.2939103
-0.9558331,-1.192093E-07,0.2939103
-0.9558331,-1.192093E-07,0.2939103
-0.9558331,-1.192093E-07,0.2939103
-0.9558331,-1.192093E-07,0.2939103
-0.4779165,-0.5,0.1469551
-0.9558331,-1.192093E-07,0.2939103
-0.9558331,-1.192093E-07,0.2939103
-0.9558331,-1.192093E-07,0.2939103
-0.4779165,-0.5,0.1469551
-0.9558331,-1.192093E-07,0.2939103
-0.9558331,-1.192093E-07,0.2939103
-0.9558331,-1.192093E-07,0.2939103
-0.9558331,-1.192093E-07,0.2939103
-0.9558331,-1.192093E-07,0.2939103
-0.4779165,-0.5,0.1469551
-0.9558331,-1.192093E-07,0.2939103
-0.9558331,-1.192093E-07,0.2939103
-0.9558331,-1.192093E-07,0.2939103
-0.9558331,-1.192093E-07,0.2939103
-0.9558331,-1.192093E-07,0.2939103
-0.9558331,-1.192093E-07,0.2939103
-0.9558331,-1.192093E-07,0.2939103
-0.9558331,-1.192093E-07,0.2939103
-0.9558331,-1.192093E-07,0.2939103
-0.9558331,-1.192093E-07,0.2939103
-0.9558331,-1.192093E-07,0.2939103
-0.4779165,-0.5,0.1469551
-0.9558331,-1.192093E-07,0.2939103
-0.9558331,-1.192093E-07,0.2939103
-0.4779165,-0.5,0.1469551
-0.9558331,-1.192093E-07,0.2939103
-0.9558331,-1.192093E-07,0.2939103
-0.9558331,-1.192093E-07,0.2939103
-0.9558331,-1.192093E-07,0.2939103
-0.4779165,-0.5,0.1469551
-0.9558331,-1.192093E-07,0.2939103
-0.9558331,-1.192093E-07,0.2939103
-0.9558331,-1.192093E-07,0.2939103
-0.9558331,-1.192093E-07,0.2939103
-0.9558331,-1.192093E-07,0.2939103
-0.4779165,-0.5,0.1469551
-0.9558331,-1.192093E-07,0.2939103
-0.9558331,-1.192093E-07,0.2939103
-0.9558331,-1.192093E-07,0.2939103
-0.4779165,-0.5,0.1469551
-0.9558331,-1.192093E-07,0.2939103
-0.9558331,-1.192093E-07,0.2939103
-0.9558331,-1.192093E-07,0.2939103
-0.9558331,-1.192093E-07,0.2939103
-0.4779165,-0.5,0.1469551
-0.9558331,-1.192093E-07,0.2939103
-0.9558331,-1.192093E-07,0.2939103
-0.9558331,-1.192093E-07,0.2939103
-0.9558331,-1.192093E-07,0.2939103
-0.9558331,-1.192093E-07,0.2939103
-0.4779165,-0.5,0.1469551
-0.9558331,-1.192093E-07,0.2939103
-0.9558331,-1.192093E-07,0.2939103
-0.9558331,-1.192093E-07,0.2939103
-0.9558331,-1.192093E-07,0.2939103
-0.9558331,-1.192093E-07,0.2939103
-0.9558331,-1.192093E-07,0.2939103
-0.4779165,-0.5,0.1469551
-0.9558331,-1.192093E-07,0.2939103
-0.9558331,-1.192093E-07,0.2939103
-0.9558331,-1.192093E-07,0.2939103
-0.9558331,-1.192093E-07,0.2939103
-0.9558331,-1.192093E-07,0.2939103
-0.9558331,-1.192093E-07,0.2939103
-0.3138064,-0.4999996,-0.1640511
-0.6324584,-2.230704E-05,-0.3285624
-0.9558331,-1.192093E-07,0.2939103
-0.9558331,-1.192093E-07,0.2939103
-0.6324584,-2.230704E-05,-0.3285624
-0.9558331,-1.192093E-07,0.2939103
-0.9558331,-1.192093E-07,0.2939103
-0.9558331,-1.192093E-07,0.2939103
-0.9558331,-1.192093E-07,0.2939103
-0.6326172,-2.246629E-05,-0.3285108
-0.9558331,-1.192093E-07,0.2939103
-0.9558331,-1.192093E-07,0.2939103
-0.9558331,-1.192093E-07,0.2939103
-0.9558331,-1.192093E-07,0.2939103
-0.9558331,-1.192093E-07,0.2939103
-0.9558331,-1.192093E-07,0.2939103
-0.9558331,-1.192093E-07,0.2939103
-0.9558331,-1.192093E-07,0.2939103
0.3309614,5.960464E-08,-0.6248717
0.2206409,0.3333333,-0.4165812
-0.1469553,0.5,-0.4779166
-0.2939104,0,-0.9558332
0.3309614,5.960464E-08,-0.6248717
-0.1469553,0.5,-0.4779166
-0.2939104,0,-0.9558332
0.3309614,5.960464E-08,-0.6248717
-0.2939104,0,-0.9558332
-0.1469553,0.5,-0.4779166
-0.2939104,0,-0.9558332
0.3309614,5.960464E-08,-0.6248717
-0.2939104,0,-0.9558332
-0.2939104,0,-0.9558332
-0.1469553,0.5,-0.4779166
-0.2939104,0,-0.9558332
0.3309614,5.960464E-08,-0.6248717
-0.2939104,0,-0.9558332
-0.2939104,0,-0.9558332
-0.1469553,0.5,-0.4779166
-0.2939104,0,-0.9558332
-0.2939104,0,-0.9558332
0.3309614,5.960464E-08,-0.6248717
-0.2939104,0,-0.9558332
-0.1469553,0.5,-0.4779166
-0.2939104,0,-0.9558332
-0.2939104,0,-0.9558332
-0.2939104,0,-0.9558332
-0.2939104,0,-0.9558332
0.3309614,5.960464E-08,-0.6248717
-0.2939104,0,-0.9558332
-0.1469553,0.5,-0.4779166
-0.2939104,0,-0.9558332
-0.2939104,0,-0.9558332
-0.2939104,0,-0.9558332
-0.2939104,0,-0.9558332
-0.2939104,0,-0.9558332
0.3309614,5.960464E-08,-0.6248717
-0.2939104,0,-0.9558332
-0.1469553,0.5,-0.4779166
-0.2939104,0,-0.9558332
-0.2939104,0,-0.9558332
-0.2939104,0,-0.9558332
-0.2939104,0,-0.9558332
-0.2939104,0,-0.9558332
-0.2939104,0,-0.9558332
-0.1469553,0.5,-0.4779166
-0.2939104,0,-0.9558332
-0.2939104,0,-0.9558332
-0.2939104,0,-0.9558332
-0.2939104,0,-0.9558332
-0.2939104,0,-0.9558332
-0.1469553,0.5,-0.4779166
-0.2939104,0,-0.9558332
-0.2939104,0,-0.9558332
-0.2939104,0,-0.9558332
-0.2939104,0,-0.9558332
-0.1469553,0.5,-0.4779166
-0.2939104,0,-0.9558332
-0.2939104,0,-0.9558332
-0.2939104,0,-0.9558332
-0.1469553,0.5,-0.4779166
-0.2939104,0,-0.9558332
-0.2939104,0,-0.9558332
-0.1499635,0.5,-0.4769812
-0.2939104,0,-0.9558332
-0.2939104,0,-0.9558332
-0.2939104,0,-0.9558332
-0.2939104,0,-0.9558332
-0.2999269,-9.313226E-10,-0.9539625
-0.1499635,0.5,-0.4769812
-0.2939104,0,-0.9558332
-0.2939104,0,-0.9558332
-0.2939104,0,-0.9558332
-0.2939104,0,-0.9558332
-0.2999269,-9.313226E-10,-0.9539625
-0.1499628,0.5,-0.4769814
-0.2939104,0,-0.9558332
-0.2939104,0,-0.9558332
-0.2939104,0,-0.9558332
-0.2999269,-9.313226E-10,-0.9539625
-0.2999255,-9.313226E-10,-0.9539629
0.2186577,0.3333333,-0.4158866
0.3279866,5.913898E-08,-0.6238299
-0.2999269,-9.313226E-10,-0.9539625
-0.2999255,-9.313226E-10,-0.9539629
0.3279866,5.913898E-08,-0.6238299
-0.2939104,0,-0.9558332
-0.2939104,0,-0.9558332
-0.2999269,-9.313226E-10,-0.9539625
-0.2999255,-9.313226E-10,-0.9539629
0.3279866,5.913898E-08,-0.6238299
-0.2999269,-9.313226E-10,-0.9539625
-0.2939104,0,-0.9558332
-0.2999269,-9.313226E-10,-0.9539625
0.3279859,5.913898E-08,-0.6238297
-0.2939104,0,-0.9558332
-0.2999269,-9.313226E-10,-0.9539625
-0.2999269,-9.313226E-10,-0.9539625
-0.2999269,-9.313226E-10,-0.9539625
0.3279858,5.913898E-08,-0.6238302
-0.2999269,-9.313226E-10,-0.9539625
-0.2999269,-9.313226E-10,-0.9539625
-0.2939104,0,-0.9558332
-0.2939104,0,-0.9558332
-0.2999269,-9.313226E-10,-0.9539625
0.3279856,5.913898E-08,-0.6238307
-0.2999269,-9.313226E-10,-0.9539625
-0.2999269,-9.313226E-10,-0.9539625
-0.2939104,0,-0.9558332
-0.2999269,-9.313226E-10,-0.9539625
0.3279856,5.913898E-08,-0.6238307
-0.2999269,-9.313226E-10,-0.9539625
-0.2999269,-9.313226E-10,-0.9539625
-0.2999269,-9.313226E-10,-0.9539625
0.3279856,5.913898E-08,-0.6238307
-0.2999269,-9.313226E-10,-0.9539625
-0.2999269,-9.313226E-10,-0.9539625
0.3279856,5.913898E-08,-0.6238307
-0.2939104,0,-0.9558332
-0.2939104,0,-0.9558332
-0.2999269,-9.313226E-10,-0.9539625
-0.2999269,-9.313226E-10,-0.9539625
-0.2999269,-9.313226E-10,-0.9539625
0.3279856,5.913898E-08,-0.6238307
-0.2939104,0,-0.9558332
-0.2939104,0,-0.9558332
-0.2999269,-9.313226E-10,-0.9539625
-0.2999269,-9.313226E-10,-0.9539625
-0.2999269,-9.313226E-10,-0.9539625
0.3279856,5.913898E-08,-0.6238307
-0.1499641,-0.5,-0.4769811
0.2186571,-0.3333333,-0.4158871
-0.1499641,-0.5,-0.4769811
-0.2999269,-9.313226E-10,-0.9539625
-0.1499634,-0.5,-0.4769813
-0.2999269,-9.313226E-10,-0.9539625
-0.1499634,-0.5,-0.4769813
-0.2999269,-9.313226E-10,-0.9539625
-0.2939104,0,-0.9558332
-0.1469551,-0.5,-0.4779166
-0.2939104,0,-0.9558332
-0.2939104,0,-0.9558332
-0.1469551,-0.5,-0.4779166
-0.2939104,0,-0.9558332
-0.2939104,0,-0.9558332
-0.1469551,-0.5,-0.4779166
-0.2939104,0,-0.9558332
-0.2939104,0,-0.9558332
-0.2939104,0,-0.9558332
-0.1469551,-0.5,-0.4779166
-0.2939104,0,-0.9558332
-0.2939104,0,-0.9558332
-0.2939104,0,-0.9558332
-0.1469551,-0.5,-0.4779166
-0.2939104,0,-0.9558332
-0.2939104,0,-0.9558332
-0.2939104,0,-0.9558332
-0.2939104,0,-0.9558332
-0.1469551,-0.5,-0.4779166
-0.2939104,0,-0.9558332
-0.2939104,0,-0.9558332
-0.2939104,0,-0.9558332
-0.2939104,0,-0.9558332
-0.1469551,-0.5,-0.4779166
-0.2939104,0,-0.9558332
-0.2939104,0,-0.9558332
-0.2939104,0,-0.9558332
-0.2939104,0,-0.9558332
-0.2939104,0,-0.9558332
-0.1469551,-0.5,-0.4779166
-0.2939104,0,-0.9558332
-0.2939104,0,-0.9558332
-0.2939104,0,-0.9558332
-0.2939104,0,-0.9558332
-0.2939104,0,-0.9558332
-0.2939104,0,-0.9558332
-0.2939104,0,-0.9558332
-0.2939104,0,-0.9558332
-0.2939104,0,-0.9558332
-0.2939104,0,-0.9558332
-0.2939104,0,-0.9558332
-0.2939104,0,-0.9558332
-0.2939104,0,-0.9558332
-0.2939104,0,-0.9558332
-0.2939104,0,-0.9558332
-0.2939104,0,-0.9558332
-0.2939104,0,-0.9558332
-0.2939104,0,-0.9558332
-0.2939104,0,-0.9558332
-0.2939104,0,-0.9558332
-0.2939104,0,-0.9558332
-0.2939104,0,-0.9558332
-0.2939104,0,-0.9558332
-0.1469551,-0.5,-0.4779166
-0.2939104,0,-0.9558332
-0.2939104,0,-0.9558332
-0.2939104,0,-0.9558332
-0.1469551,-0.5,-0.4779166
-0.2939104,0,-0.9558332
-0.2939104,0,-0.9558332
-0.1469551,-0.5,-0.4779166
-0.2939104,0,-0.9558332
-0.2939104,0,-0.9558332
-0.2939104,0,-0.9558332
0.220641,-0.3333333,-0.4165812
0.3309614,5.960464E-08,-0.6248717
-0.2939104,0,-0.9558332
-0.2939104,0,-0.9558332
-0.2939104,0,-0.9558332
0.3309614,5.960464E-08,-0.6248717
-0.2939104,0,-0.9558332
-0.2939104,0,-0.9558332
-0.2939104,0,-0.9558332
-0.2939104,0,-0.9558332
0.3309614,5.960464E-08,-0.6248717
-0.2939104,0,-0.9558332
-0.2939104,0,-0.9558332
-0.2939104,0,-0.9558332
-0.2939104,0,-0.9558332
-0.2939104,0,-0.9558332
0.477949,0.5,-0.1468494
0.2186577,0.3333333,-0.4158866
-0.1499628,0.5,-0.4769814
-1.139442E-07,0.9999999,3.503685E-08
0.477949,0.5,-0.1468494
-0.1499635,0.5,-0.4769812
-1.139442E-07,0.9999999,3.503685E-08
0.6372658,0.3333334,-0.1957979
-1.139442E-07,0.9999999,3.503685E-08
-0.1499635,0.5,-0.4769812
-1.139442E-07,0.9999999,3.503685E-08
0.414594,0.3333333,0.221323
0.1439416,0.5,0.4788329
-1.139442E-07,0.9999999,3.503685E-08
-1.139442E-07,0.9999999,3.503685E-08
-0.1469553,0.5,-0.4779166
-1.139442E-07,0.9999999,3.503685E-08
0.1439402,0.5,0.4788333
-1.139442E-07,0.9999999,3.503685E-08
-0.1469553,0.5,-0.4779166
-1.139442E-07,0.9999999,3.503685E-08
-1.139442E-07,0.9999999,3.503685E-08
0.1439402,0.5,0.4788333
-1.139442E-07,0.9999999,3.503685E-08
-0.1469553,0.5,-0.4779166
-1.139442E-07,0.9999999,3.503685E-08
-1.139442E-07,0.9999999,3.503685E-08
0.1469551,0.5,0.4779166
-1.139442E-07,0.9999999,3.503685E-08
-0.1469553,0.5,-0.4779166
-1.139442E-07,0.9999999,3.503685E-08
-1.139442E-07,0.9999999,3.503685E-08
0.1469551,0.5,0.4779166
-1.139442E-07,0.9999999,3.503685E-08
-0.1469553,0.5,-0.4779166
-1.139442E-07,0.9999999,3.503685E-08
-1.139442E-07,0.9999999,3.503685E-08
0.1469551,0.5,0.4779166
-1.139442E-07,0.9999999,3.503685E-08
-0.1469553,0.5,-0.4779166
-1.139442E-07,0.9999999,3.503685E-08
-1.139442E-07,0.9999999,3.503685E-08
0.1469551,0.5,0.4779166
-1.139442E-07,0.9999999,3.503685E-08
-0.1469553,0.5,-0.4779166
-1.139442E-07,0.9999999,3.503685E-08
-1.139442E-07,0.9999999,3.503685E-08
0.1469551,0.5,0.4779166
-1.139442E-07,0.9999999,3.503685E-08
-0.1469553,0.5,-0.4779166
-1.139442E-07,0.9999999,3.503685E-08
-1.139442E-07,0.9999999,3.503685E-08
0.1469551,0.5,0.4779166
-1.139442E-07,0.9999999,3.503685E-08
-0.1469553,0.5,-0.4779166
-1.139442E-07,0.9999999,3.503685E-08
-1.139442E-07,0.9999999,3.503685E-08
-1.139442E-07,0.9999999,3.503685E-08
-1.139442E-07,0.9999999,3.503685E-08
-1.139442E-07,0.9999999,3.503685E-08
-0.3309614,-5.960464E-08,0.6248717
0.1469551,0.5,0.4779166
-0.220641,0.3333333,0.4165812
0.2939104,0,0.9558332
-0.3309614,-5.960464E-08,0.6248717
0.1469551,0.5,0.4779166
0.2939104,0,0.9558332
-0.3309614,-5.960464E-08,0.6248717
0.2939104,0,0.9558332
0.1469551,0.5,0.4779166
0.2939104,0,0.9558332
-0.3309614,-5.960464E-08,0.6248717
0.2939104,0,0.9558332
0.2939104,0,0.9558332
0.1469551,0.5,0.4779166
0.2939104,0,0.9558332
-0.3309614,-5.960464E-08,0.6248717
0.2939104,0,0.9558332
0.2939104,0,0.9558332
0.1469551,0.5,0.4779166
0.2939104,0,0.9558332
0.2939104,0,0.9558332
-0.3309614,-5.960464E-08,0.6248717
0.2939104,0,0.9558332
0.1469551,0.5,0.4779166
0.2939104,0,0.9558332
0.2939104,0,0.9558332
0.2939104,0,0.9558332
0.2939104,0,0.9558332
-0.3309614,-5.960464E-08,0.6248717
0.2939104,0,0.9558332
0.1469551,0.5,0.4779166
0.2939104,0,0.9558332
0.2939104,0,0.9558332
0.2939104,0,0.9558332
0.2939104,0,0.9558332
0.2939104,0,0.9558332
-0.3309614,-5.960464E-08,0.6248717
0.2939104,0,0.9558332
0.1469551,0.5,0.4779166
0.2939104,0,0.9558332
0.2939104,0,0.9558332
0.2939104,0,0.9558332
0.2939104,0,0.9558332
0.2939104,0,0.9558332
0.2939104,0,0.9558332
0.1469551,0.5,0.4779166
0.2939104,0,0.9558332
0.2939104,0,0.9558332
0.2939104,0,0.9558332
0.2939104,0,0.9558332
0.2939104,0,0.9558332
0.1469551,0.5,0.4779166
0.2939104,0,0.9558332
0.2939104,0,0.9558332
0.2939104,0,0.9558332
0.2939104,0,0.9558332
0.1469551,0.5,0.4779166
0.2939104,0,0.9558332
0.2939104,0,0.9558332
0.2939104,0,0.9558332
0.1469551,0.5,0.4779166
0.2939104,0,0.9558332
0.2939104,0,0.9558332
0.1439402,0.5,0.4788333
0.2939104,0,0.9558332
0.2939104,0,0.9558332
0.2939104,0,0.9558332
0.2939104,0,0.9558332
0.2878805,-9.313226E-10,0.9576666
0.1439402,0.5,0.4788333
0.2939104,0,0.9558332
0.2939104,0,0.9558332
0.2939104,0,0.9558332
0.2939104,0,0.9558332
0.2878805,-9.313226E-10,0.9576666
0.1439416,0.5,0.4788329
0.2939104,0,0.9558332
0.2939104,0,0.9558332
0.2939104,0,0.9558332
0.2878805,-9.313226E-10,0.9576666
0.2878833,-9.313226E-10,0.9576658
0.414594,0.3333333,0.221323
0.733227,7.916242E-08,0.123424
0.2878805,-9.313226E-10,0.9576666
0.2878833,-9.313226E-10,0.9576658
0.621891,5.913898E-08,0.3319845
0.2939104,0,0.9558332
0.2939104,0,0.9558332
0.2878805,-9.313226E-10,0.9576666
0.2878833,-9.313226E-10,0.9576658
0.621891,5.913898E-08,0.3319845
0.2878805,-9.313226E-10,0.9576666
0.2939104,0,0.9558332
0.2878833,-9.313226E-10,0.9576658
0.621891,5.913898E-08,0.3319845
0.2939104,0,0.9558332
0.2878805,-9.313226E-10,0.9576666
0.2878805,-9.313226E-10,0.9576666
0.2878833,-9.313226E-10,0.9576658
0.621891,5.913898E-08,0.3319845
0.2878805,-9.313226E-10,0.9576666
0.2878805,-9.313226E-10,0.9576666
0.2939104,0,0.9558332
0.2939104,0,0.9558332
0.2878833,-9.313226E-10,0.9576658
0.6218908,5.913898E-08,0.331984
0.2878805,-9.313226E-10,0.9576666
0.2878805,-9.313226E-10,0.9576666
0.2939104,0,0.9558332
0.2878833,-9.313226E-10,0.9576658
0.6218908,5.913898E-08,0.331984
0.2878805,-9.313226E-10,0.9576666
0.2878805,-9.313226E-10,0.9576666
0.2878833,-9.313226E-10,0.9576658
0.6218907,5.913898E-08,0.3319835
0.2878805,-9.313226E-10,0.9576666
0.2878833,-9.313226E-10,0.9576658
0.6218907,5.913898E-08,0.3319835
0.2939104,0,0.9558332
0.2939104,0,0.9558332
0.2878805,-9.313226E-10,0.9576666
0.2878805,-9.313226E-10,0.9576666
0.2878833,-9.313226E-10,0.9576658
0.6218907,5.913898E-08,0.3319835
0.2939104,0,0.9558332
0.2939104,0,0.9558332
0.2878805,-9.313226E-10,0.9576666
0.2878805,-9.313226E-10,0.9576666
0.2878833,-9.313226E-10,0.9576658
0.6218907,5.913898E-08,0.3319835
0.1439417,-0.5,0.4788329
0.4145938,-0.3333333,0.2213223
0.1439403,-0.5,0.4788333
0.2878805,-9.313226E-10,0.9576666
0.1439403,-0.5,0.4788333
0.2878805,-9.313226E-10,0.9576666
0.143941,-0.5,0.4788331
0.2878805,-9.313226E-10,0.9576666
0.2939104,0,0.9558332
0.1469553,-0.5,0.4779166
0.2939104,0,0.9558332
0.2939104,0,0.9558332
0.1469553,-0.5,0.4779166
0.2939104,0,0.9558332
0.2939104,0,0.9558332
0.1469553,-0.5,0.4779166
0.2939104,0,0.9558332
0.2939104,0,0.9558332
0.2939104,0,0.9558332
0.1469553,-0.5,0.4779166
0.2939104,0,0.9558332
0.2939104,0,0.9558332
0.2939104,0,0.9558332
0.1469553,-0.5,0.4779166
0.2939104,0,0.9558332
0.2939104,0,0.9558332
0.2939104,0,0.9558332
0.2939104,0,0.9558332
0.1469553,-0.5,0.4779166
0.2939104,0,0.9558332
0.2939104,0,0.9558332
0.2939104,0,0.9558332
0.2939104,0,0.9558332
0.1469553,-0.5,0.4779166
0.2939104,0,0.9558332
0.2939104,0,0.9558332
0.2939104,0,0.9558332
0.2939104,0,0.9558332
0.2939104,0,0.9558332
0.1469553,-0.5,0.4779166
0.2939104,0,0.9558332
0.2939104,0,0.9558332
0.2939104,0,0.9558332
0.2939104,0,0.9558332
0.2939104,0,0.9558332
0.2939104,0,0.9558332
0.2939104,0,0.9558332
0.2939104,0,0.9558332
0.2939104,0,0.9558332
0.2939104,0,0.9558332
0.2939104,0,0.9558332
0.2939104,0,0.9558332
0.2939104,0,0.9558332
0.2939104,0,0.9558332
0.2939104,0,0.9558332
0.2939104,0,0.9558332
0.2939104,0,0.9558332
0.2939104,0,0.9558332
0.2939104,0,0.9558332
0.2939104,0,0.9558332
0.2939104,0,0.9558332
0.2939104,0,0.9558332
0.2939104,0,0.9558332
0.1469553,-0.5,0.4779166
0.2939104,0,0.9558332
0.2939104,0,0.9558332
0.2939104,0,0.9558332
0.1469553,-0.5,0.4779166
0.2939104,0,0.9558332
0.2939104,0,0.9558332
0.2939104,0,0.9558332
0.2939104,0,0.9558332
0.2939104,0,0.9558332
0.1469553,-0.5,0.4779166
0.2939104,0,0.9558332
0.2939104,0,0.9558332
0.2939104,0,0.9558332
0.2939104,0,0.9558332
-0.3309614,-5.960464E-08,0.6248717
0.2939104,0,0.9558332
0.2939104,0,0.9558332
-0.3309614,-5.960464E-08,0.6248717
0.2939104,0,0.9558332
0.2939104,0,0.9558332
0.2939104,0,0.9558332
-0.3309614,-5.960464E-08,0.6248717
0.2939104,0,0.9558332
0.2939104,0,0.9558332
0.2939104,0,0.9558332
-0.2206409,-0.3333333,0.4165812
0.4211112,-0.3300132,0.2336265
0.645683,-0.3275512,-0.1926391
0.9483168,0.007463813,-0.317238
0.7237602,0.005001595,0.1090228

