X,Y,Z
-1.48078,0.01669444,-3.184536
-1.48078,0.01747333,-3.184536
-1.480668,0.01747333,-3.184172
-1.480668,0.01669444,-3.184172
-1.480892,0.01669444,-3.1849
-1.48078,0.01747333,-3.184536
-1.480892,0.01747333,-3.1849
-1.481004,0.01669444,-3.185264
-1.481004,0.01747333,-3.185264
-1.481115,0.01669444,-3.185628
-1.481115,0.01747333,-3.185628
-1.481115,0.01591555,-3.185628
-1.481004,0.01591555,-3.185264
-1.481115,0.01513667,-3.185628
-1.480892,0.01591556,-3.1849
-1.481004,0.01513667,-3.185264
-1.481115,0.01435778,-3.185628
-1.48078,0.01591555,-3.184536
-1.480668,0.01669444,-3.184172
-1.480668,0.01591555,-3.184172
-1.481004,0.01435778,-3.185264
-1.481115,0.01357889,-3.185628
-1.480892,0.01513667,-3.1849
-1.48078,0.01513667,-3.184536
-1.480668,0.01513667,-3.184172
-1.481004,0.01357889,-3.185264
-1.481115,0.0128,-3.185628
-1.480892,0.01435778,-3.1849
-1.48078,0.01435778,-3.184536
-1.480668,0.01435778,-3.184172
-1.481004,0.0128,-3.185264
-1.481115,0.01202111,-3.185628
-1.480892,0.01357889,-3.1849
-1.48078,0.01357889,-3.184536
-1.480668,0.01357889,-3.184172
-1.481004,0.01202111,-3.185264
-1.481115,0.01124222,-3.185628
-1.480892,0.0128,-3.1849
-1.48078,0.0128,-3.184536
-1.480668,0.0128,-3.184172
-1.481004,0.01124222,-3.185264
-1.481115,0.01046333,-3.185628
-1.480892,0.01202111,-3.1849
-1.48078,0.01202111,-3.184536
-1.480668,0.01202111,-3.184172
-1.481004,0.01046334,-3.185264
-1.481115,0.009684446,-3.185628
-1.480892,0.01124222,-3.1849
-1.48078,0.01124222,-3.184536
-1.480668,0.01124222,-3.184172
-1.481004,0.009684446,-3.185264
-1.481115,0.008905558,-3.185628
-1.480892,0.01046333,-3.1849
-1.48078,0.01046333,-3.184536
-1.480668,0.01046334,-3.184172
-1.481004,0.008905558,-3.185264
-1.481115,0.008126669,-3.185628
-1.481004,0.008126669,-3.185264
-1.480892,0.009684446,-3.1849
-1.48078,0.009684446,-3.184536
-1.480668,0.009684446,-3.184172
-1.480892,0.008905558,-3.1849
-1.480892,0.008126669,-3.1849
-1.48078,0.008905558,-3.184536
-1.480668,0.008905558,-3.184172
-1.48078,0.008126669,-3.184536
-1.480668,0.008126669,-3.184172
-1.508773,0.008905557,-3.227124
-1.508893,0.009684445,-3.227486
-1.508893,0.008905556,-3.227486
-1.508773,0.009684444,-3.227124
-1.508893,0.01046333,-3.227486
-1.508654,0.008905557,-3.226763
-1.508654,0.009684444,-3.226763
-1.508773,0.01046333,-3.227124
-1.508654,0.009684444,-3.226763
-1.508893,0.01124222,-3.227486
-1.508654,0.01046333,-3.226763
-1.508773,0.01124222,-3.227124
-1.508893,0.01202111,-3.227486
-1.508773,0.01202111,-3.227124
-1.508893,0.0128,-3.227486
-1.508654,0.01124222,-3.226763
-1.508773,0.0128,-3.227124
-1.508893,0.01357889,-3.227486
-1.508654,0.01202111,-3.226763
-1.508773,0.01357889,-3.227124
-1.508893,0.01435778,-3.227486
-1.508654,0.0128,-3.226763
-1.508773,0.01435778,-3.227124
-1.508893,0.01513666,-3.227486
-1.508654,0.01357889,-3.226763
-1.508773,0.01513666,-3.227124
-1.508893,0.01591555,-3.227486
-1.508654,0.01435778,-3.226763
-1.508773,0.01591555,-3.227124
-1.508893,0.01669444,-3.227486
-1.508654,0.01513666,-3.226763
-1.508773,0.01669444,-3.227124
-1.508893,0.01747333,-3.227486
-1.508773,0.01747333,-3.227124
-1.508654,0.01591555,-3.226763
-1.508654,0.01669444,-3.226763
-1.508654,0.01747333,-3.226763
-1.508534,0.01669444,-3.226402
-1.508534,0.01747333,-3.226402
-1.508534,0.01591555,-3.226402
-1.508414,0.01669444,-3.22604
-1.508414,0.01747333,-3.22604
-1.508414,0.01591555,-3.22604
-1.508414,0.01513666,-3.22604
-1.508534,0.01513666,-3.226402
-1.508414,0.01435778,-3.22604
-1.508534,0.01435778,-3.226402
-1.508414,0.01357889,-3.22604
-1.508534,0.01357889,-3.226402
-1.508414,0.0128,-3.22604
-1.508534,0.0128,-3.226402
-1.508414,0.01202111,-3.22604
-1.508534,0.01202111,-3.226402
-1.508414,0.01124222,-3.22604
-1.508534,0.01124222,-3.226402
-1.508414,0.01046333,-3.22604
-1.508534,0.01046333,-3.226402
-1.508414,0.009684444,-3.22604
-1.508534,0.009684444,-3.226402
-1.508414,0.008905557,-3.22604
-1.508534,0.008905557,-3.226402
-1.508654,0.008905557,-3.226763
-1.508534,0.008905557,-3.226402
-1.508414,0.008126667,-3.22604
-1.508534,0.008126667,-3.226402
-1.508534,0.008126667,-3.226402
-1.508654,0.008126667,-3.226763
-1.508654,0.008126667,-3.226763
-1.508773,0.008126667,-3.227124
-1.508893,0.008905556,-3.227486
-1.508893,0.008126667,-3.227486
-1.516751,0.0166619,-3.225187
-1.518812,0.01744593,-3.224514
-1.516781,0.0174368,-3.225178
-1.51879,0.01667003,-3.22452
-1.516721,0.015887,-3.225194
-1.520843,0.01745506,-3.22385
-1.518767,0.01589414,-3.224526
-1.516692,0.01511209,-3.225203
-1.520828,0.01667817,-3.223854
-1.522874,0.01746419,-3.223186
-1.518745,0.01511824,-3.224532
-1.516662,0.01433719,-3.225211
-1.520813,0.01590127,-3.223858
-1.522867,0.0166863,-3.223188
-1.524905,0.01747333,-3.222522
-1.524905,0.01669444,-3.222522
-1.522859,0.01590841,-3.22319
-1.524905,0.01591555,-3.222522
-1.518723,0.01434234,-3.224539
-1.516633,0.01356229,-3.225219
-1.520798,0.01512438,-3.223862
-1.522852,0.01513052,-3.223192
-1.524905,0.01513666,-3.222522
-1.518701,0.01356644,-3.224545
-1.516603,0.01278739,-3.225227
-1.520784,0.01434748,-3.223866
-1.522844,0.01435263,-3.223194
-1.524905,0.01435777,-3.222522
-1.518678,0.01279054,-3.224551
-1.516573,0.01201249,-3.225235
-1.520769,0.01357059,-3.22387
-1.522837,0.01357474,-3.223196
-1.524905,0.01357889,-3.222522
-1.518656,0.01201464,-3.224557
-1.516544,0.01123758,-3.225243
-1.520754,0.01279369,-3.223874
-1.52283,0.01279684,-3.223198
-1.524905,0.0128,-3.222522
-1.518634,0.01123874,-3.224563
-1.516514,0.01046268,-3.225251
-1.520739,0.0120168,-3.223878
-1.522822,0.01201895,-3.2232
-1.524905,0.01202111,-3.222522
-1.518612,0.01046284,-3.224569
-1.516484,0.009687781,-3.225259
-1.520724,0.0112399,-3.223882
-1.522815,0.01124106,-3.223202
-1.524905,0.01124222,-3.222522
-1.518589,0.009686947,-3.224575
-1.516454,0.008912878,-3.225267
-1.52071,0.01046301,-3.223886
-1.522807,0.01046317,-3.223204
-1.524905,0.01046333,-3.222522
-1.518567,0.008911047,-3.224581
-1.516425,0.008137977,-3.225276
-1.518545,0.008135148,-3.224587
-1.520695,0.009686112,-3.223891
-1.5228,0.009685277,-3.223206
-1.524905,0.009684443,-3.222522
-1.52068,0.008909217,-3.223895
-1.520665,0.008132322,-3.223899
-1.522792,0.008907383,-3.223208
-1.524905,0.008905553,-3.222522
-1.522785,0.008129492,-3.22321
-1.524905,0.008126666,-3.222522
-1.471492,0.01669445,-3.186882
-1.469343,0.01747333,-3.187581
-1.471492,0.01747333,-3.186882
-1.469343,0.01669445,-3.187581
-1.471492,0.01591556,-3.186882
-1.467194,0.01747333,-3.18828
-1.469343,0.01591556,-3.187581
-1.471492,0.01513667,-3.186882
-1.467194,0.01669445,-3.18828
-1.465044,0.01747334,-3.188979
-1.469343,0.01513667,-3.187581
-1.471492,0.01435778,-3.186882
-1.467194,0.01591556,-3.18828
-1.465044,0.01669445,-3.188979
-1.462895,0.01747333,-3.189678
-1.462895,0.01669445,-3.189678
-1.465044,0.01591556,-3.188979
-1.462895,0.01591556,-3.189678
-1.469343,0.01435778,-3.187581
-1.471492,0.01357889,-3.186882
-1.467194,0.01513667,-3.18828
-1.465044,0.01513667,-3.188979
-1.462895,0.01513667,-3.189678
-1.469343,0.01357889,-3.187581
-1.471492,0.0128,-3.186882
-1.467194,0.01435778,-3.18828
-1.465044,0.01435778,-3.188979
-1.462895,0.01435778,-3.189678
-1.469343,0.0128,-3.187581
-1.471492,0.01202111,-3.186882
-1.467194,0.01357889,-3.18828
-1.465044,0.01357889,-3.188979
-1.462895,0.01357889,-3.189678
-1.469343,0.01202111,-3.187581
-1.471492,0.01124222,-3.186882
-1.467194,0.0128,-3.18828
-1.465044,0.0128,-3.188979
-1.462895,0.0128,-3.189678
-1.469343,0.01124222,-3.187581
-1.471492,0.01046334,-3.186882
-1.467194,0.01202111,-3.18828
-1.465044,0.01202111,-3.188979
-1.462895,0.01202111,-3.189678
-1.469343,0.01046334,-3.187581
-1.471492,0.009684447,-3.186882
-1.467194,0.01124222,-3.18828
-1.465044,0.01124223,-3.188979
-1.462895,0.01124223,-3.189678
-1.469343,0.009684447,-3.187581
-1.471492,0.008905558,-3.186882
-1.467194,0.01046334,-3.18828
-1.465044,0.01046334,-3.188979
-1.462895,0.01046334,-3.189678
-1.469343,0.008905558,-3.187581
-1.471492,0.00812667,-3.186882
-1.469343,0.00812667,-3.187581
-1.467194,0.009684447,-3.18828
-1.465044,0.009684449,-3.188979
-1.462895,0.009684449,-3.189678
-1.467194,0.008905558,-3.18828
-1.467194,0.00812667,-3.18828
-1.465044,0.00890556,-3.188979
-1.462895,0.00890556,-3.189678
-1.465044,0.00812667,-3.188979
-1.462895,0.008126672,-3.189678
-1.516287,0.008144283,-3.224864
-1.518545,0.008135148,-3.224587
-1.516425,0.008137977,-3.225276
-1.518329,0.008139879,-3.224218
-1.51615,0.008150587,-3.224452
-1.520665,0.008132322,-3.223899
-1.518113,0.008144606,-3.22385
-1.516012,0.008156891,-3.22404
-1.517897,0.008149335,-3.223481
-1.515875,0.008163195,-3.223628
-1.517681,0.008154063,-3.223112
-1.52037,0.008135474,-3.223573
-1.518113,0.008144606,-3.22385
-1.520076,0.008138627,-3.223248
-1.519781,0.008141778,-3.222922
-1.519487,0.008144932,-3.222597
-1.52037,0.008135474,-3.223573
-1.522785,0.008129492,-3.22321
-1.522412,0.008131068,-3.222928
-1.524905,0.008126666,-3.222522
-1.522039,0.008132644,-3.222646
-1.524454,0.008126666,-3.222283
-1.522039,0.008132644,-3.222646
-1.519781,0.008141778,-3.222922
-1.524002,0.008126664,-3.222044
-1.521666,0.008134222,-3.222363
-1.521293,0.008135799,-3.222081
-1.523551,0.008126666,-3.221804
-1.523099,0.008126666,-3.221565
-1.522969,0.008126666,-3.219915
-1.522527,0.008126666,-3.219704
-1.523412,0.008126664,-3.220125
-1.522388,0.008126666,-3.218025
-1.521955,0.008126666,-3.217843
-1.523855,0.008126666,-3.220335
-1.524454,0.008126666,-3.222283
-1.522822,0.008126664,-3.218206
-1.521807,0.008126666,-3.216135
-1.521382,0.008126666,-3.215982
-1.524297,0.008126666,-3.220546
-1.524905,0.008126666,-3.222522
-1.52369,0.008126666,-3.21857
-1.523256,0.008126666,-3.218388
-1.523082,0.008126666,-3.216594
-1.522657,0.008126666,-3.216441
-1.522475,0.008126666,-3.214617
-1.522232,0.008126664,-3.216288
-1.522058,0.008126666,-3.214493
-1.521867,0.008126666,-3.212641
-1.521642,0.008126664,-3.214369
-1.52146,0.008126666,-3.212546
-1.521259,0.008126666,-3.210665
-1.521226,0.008126666,-3.214245
-1.52081,0.008126666,-3.214121
-1.520861,0.008126666,-3.210598
-1.520652,0.008126666,-3.208689
-1.521052,0.008126664,-3.212451
-1.520645,0.008126666,-3.212355
-1.520238,0.008126666,-3.21226
-1.520262,0.008126666,-3.208651
-1.520044,0.008126666,-3.206713
-1.520462,0.008126664,-3.210532
-1.520064,0.008126666,-3.210466
-1.519666,0.008126666,-3.210399
-1.519663,0.008126666,-3.206704
-1.519436,0.008126666,-3.204737
-1.519873,0.008126664,-3.208613
-1.519483,0.008126666,-3.208576
-1.519093,0.008126666,-3.208538
-1.519064,0.008126666,-3.204756
-1.518829,0.008126666,-3.20276
-1.519283,0.008126664,-3.206695
-1.518902,0.008126666,-3.206686
-1.518521,0.008126666,-3.206677
-1.518466,0.008126666,-3.202809
-1.518221,0.008126666,-3.200784
-1.518693,0.008126664,-3.204776
-1.518321,0.008126666,-3.204796
-1.517949,0.008126666,-3.204816
-1.517867,0.008126666,-3.200862
-1.517613,0.008126666,-3.198808
-1.518103,0.008126664,-3.202858
-1.51774,0.008126666,-3.202906
-1.517377,0.008126666,-3.202955
-1.517268,0.008126666,-3.198915
-1.517006,0.008126666,-3.196832
-1.517513,0.008126664,-3.200939
-1.517159,0.008126666,-3.201017
-1.516804,0.008126666,-3.201094
-1.516669,0.008126666,-3.196967
-1.516398,0.008126666,-3.194856
-1.516923,0.008126664,-3.199021
-1.516577,0.008126666,-3.199127
-1.516232,0.008126666,-3.199233
-1.51607,0.008126666,-3.19502
-1.51579,0.008126666,-3.19288
-1.516333,0.008126664,-3.197102
-1.515996,0.008126666,-3.197237
-1.51566,0.008126666,-3.197372
-1.515472,0.008126666,-3.193073
-1.515183,0.008126666,-3.190904
-1.515743,0.008126664,-3.195184
-1.515415,0.008126666,-3.195347
-1.515088,0.008126666,-3.195511
-1.514873,0.008126666,-3.191125
-1.514575,0.008126666,-3.188928
-1.515153,0.008126664,-3.193265
-1.514834,0.008126666,-3.193457
-1.514515,0.008126666,-3.19365
-1.514274,0.008126666,-3.189178
-1.513968,0.008126666,-3.186952
-1.514563,0.008126664,-3.191346
-1.514253,0.008126666,-3.191568
-1.513943,0.008126666,-3.191789
-1.513675,0.008126666,-3.18723
-1.51336,0.008126666,-3.184975
-1.513973,0.008126664,-3.189428
-1.513672,0.008126666,-3.189678
-1.513371,0.008126666,-3.189928
-1.513077,0.008126666,-3.185283
-1.512752,0.008126666,-3.182999
-1.513383,0.008126664,-3.187509
-1.513091,0.008126666,-3.187788
-1.512799,0.008126666,-3.188067
-1.512478,0.008126666,-3.183336
-1.512145,0.008126666,-3.181023
-1.512793,0.008126664,-3.185591
-1.51251,0.008126666,-3.185898
-1.512226,0.008126666,-3.186206
-1.511879,0.008126666,-3.181388
-1.511537,0.008126666,-3.179047
-1.512203,0.008126664,-3.183672
-1.511929,0.008126666,-3.184009
-1.511654,0.008126666,-3.184345
-1.51128,0.008126666,-3.179441
-1.510929,0.008126666,-3.177071
-1.511613,0.008126664,-3.181754
-1.511348,0.008126666,-3.182119
-1.511082,0.008126666,-3.182484
-1.510681,0.008126666,-3.177494
-1.510322,0.008126666,-3.175095
-1.511023,0.008126664,-3.179835
-1.510767,0.008126666,-3.180229
-1.51051,0.008126666,-3.180623
-1.510083,0.008126666,-3.175546
-1.508346,0.008126666,-3.175703
-1.510433,0.008126664,-3.177916
-1.510185,0.008126666,-3.178339
-1.509937,0.008126666,-3.178762
-1.508135,0.008126664,-3.176145
-1.506369,0.008126667,-3.17631
-1.509843,0.008126664,-3.175998
-1.509604,0.008126666,-3.176449
-1.509365,0.008126666,-3.176901
-1.506188,0.008126667,-3.176744
-1.504393,0.008126666,-3.176918
-1.507925,0.008126666,-3.176588
-1.507715,0.008126666,-3.17703
-1.507504,0.008126667,-3.177473
-1.504241,0.008126666,-3.177343
-1.502417,0.008126667,-3.177525
-1.506006,0.008126667,-3.177178
-1.505825,0.008126667,-3.177612
-1.505643,0.008126666,-3.178045
-1.502293,0.008126667,-3.177942
-1.500441,0.008126667,-3.178133
-1.504088,0.008126666,-3.177768
-1.503935,0.008126666,-3.178193
-1.503782,0.008126667,-3.178617
-1.500346,0.008126667,-3.17854
-1.498465,0.008126667,-3.178741
-1.502169,0.008126667,-3.178358
-1.502045,0.008126666,-3.178774
-1.501921,0.008126667,-3.17919
-1.498399,0.008126667,-3.179139
-1.496489,0.008126667,-3.179348
-1.500251,0.008126666,-3.178947
-1.500155,0.008126666,-3.179355
-1.50006,0.008126666,-3.179762
-1.496451,0.008126667,-3.179738
-1.494513,0.008126667,-3.179956
-1.498332,0.008126667,-3.179538
-1.498266,0.008126667,-3.179936
-1.498199,0.008126667,-3.180334
-1.494504,0.008126667,-3.180337
-1.492537,0.008126667,-3.180564
-1.496413,0.008126667,-3.180127
-1.496376,0.008126667,-3.180517
-1.496338,0.008126667,-3.180907
-1.492556,0.008126667,-3.180935
-1.490561,0.008126669,-3.181171
-1.494495,0.008126667,-3.180717
-1.494486,0.008126667,-3.181098
-1.494477,0.008126667,-3.181479
-1.490609,0.008126669,-3.181534
-1.488584,0.008126669,-3.181779
-1.492576,0.008126667,-3.181307
-1.492596,0.008126667,-3.181679
-1.492616,0.008126668,-3.182051
-1.488662,0.008126669,-3.182133
-1.486608,0.008126669,-3.182387
-1.490658,0.008126668,-3.181897
-1.490706,0.008126667,-3.18226
-1.490755,0.008126668,-3.182623
-1.486714,0.008126669,-3.182732
-1.485123,0.008126669,-3.182833
-1.488739,0.008126669,-3.182487
-1.488817,0.008126669,-3.182841
-1.488894,0.008126669,-3.183196
-1.485231,0.008126669,-3.183183
-1.483638,0.008126669,-3.183279
-1.486821,0.008126669,-3.183077
-1.486927,0.008126669,-3.183423
-1.487033,0.008126669,-3.183768
-1.483747,0.008126669,-3.183634
-1.482153,0.008126669,-3.183726
-1.485338,0.008126669,-3.183533
-1.485446,0.008126669,-3.183883
-1.485554,0.008126669,-3.184233
-1.482264,0.008126669,-3.184085
-1.480668,0.008126669,-3.184172
-1.48078,0.008126669,-3.184536
-1.483856,0.008126669,-3.183989
-1.483965,0.008126669,-3.184343
-1.484074,0.008126669,-3.184698
-1.482374,0.008126669,-3.184444
-1.480892,0.008126669,-3.1849
-1.482484,0.008126669,-3.184804
-1.482595,0.008126669,-3.185163
-1.481004,0.008126669,-3.185264
-1.481115,0.008126669,-3.185628
-1.515904,0.008938098,-3.22362
-1.517681,0.008154063,-3.223112
-1.515875,0.008163195,-3.223628
-1.517703,0.008929962,-3.223106
-1.515934,0.009713,-3.223612
-1.519487,0.008144932,-3.222597
-1.517725,0.009705861,-3.2231
-1.515964,0.0104879,-3.223604
-1.519502,0.008921826,-3.222593
-1.521293,0.008135799,-3.222081
-1.517748,0.01048176,-3.223094
-1.515993,0.0112628,-3.223596
-1.519517,0.009698723,-3.222589
-1.5213,0.008913691,-3.222079
-1.523099,0.008126666,-3.221565
-1.523099,0.008905553,-3.221565
-1.521308,0.009691583,-3.222077
-1.523099,0.009684443,-3.221565
-1.51777,0.01125766,-3.223088
-1.516023,0.0120377,-3.223588
-1.519531,0.01047562,-3.222584
-1.521315,0.01046947,-3.222075
-1.523099,0.01046333,-3.221565
-1.517792,0.01203356,-3.223082
-1.516053,0.01281261,-3.22358
-1.519546,0.01125251,-3.22258
-1.521323,0.01124737,-3.222073
-1.523099,0.01124222,-3.221565
-1.517814,0.01280946,-3.223076
-1.516083,0.01358751,-3.223572
-1.519561,0.01202941,-3.222576
-1.52133,0.01202526,-3.222071
-1.523099,0.01202111,-3.221565
-1.517837,0.01358535,-3.22307
-1.516112,0.01436241,-3.223563
-1.519576,0.0128063,-3.222572
-1.521338,0.01280315,-3.222069
-1.523099,0.0128,-3.221565
-1.517859,0.01436125,-3.223064
-1.516142,0.01513731,-3.223555
-1.519591,0.0135832,-3.222568
-1.521345,0.01358104,-3.222067
-1.523099,0.01357889,-3.221565
-1.517881,0.01513715,-3.223058
-1.516171,0.01591221,-3.223547
-1.519606,0.01436009,-3.222564
-1.521352,0.01435893,-3.222065
-1.523099,0.01435777,-3.221565
-1.517903,0.01591305,-3.223052
-1.516201,0.01668712,-3.223539
-1.51962,0.01513699,-3.22256
-1.52136,0.01513683,-3.222063
-1.523099,0.01513666,-3.221565
-1.517926,0.01668895,-3.223046
-1.516231,0.01746202,-3.223531
-1.517948,0.01746485,-3.22304
-1.519635,0.01591388,-3.222556
-1.521367,0.01591472,-3.222061
-1.523099,0.01591555,-3.221565
-1.51965,0.01669078,-3.222552
-1.519665,0.01746767,-3.222548
-1.521375,0.01669261,-3.222059
-1.523099,0.01669444,-3.221565
-1.521382,0.0174705,-3.222057
-1.523099,0.01747333,-3.221565
-1.472009,0.01669445,-3.18854
-1.472009,0.01747333,-3.18854
-1.470182,0.01747333,-3.189064
-1.470182,0.01669445,-3.189064
-1.472009,0.01591556,-3.18854
-1.468355,0.01747333,-3.189587
-1.470182,0.01591556,-3.189064
-1.472009,0.01513667,-3.18854
-1.468355,0.01669445,-3.189587
-1.466528,0.01747333,-3.190111
-1.470182,0.01513667,-3.189064
-1.472009,0.01435778,-3.18854
-1.468355,0.01591556,-3.189587
-1.466528,0.01669445,-3.190111
-1.464701,0.01747333,-3.190635
-1.464701,0.01669445,-3.190635
-1.466528,0.01591556,-3.190111
-1.464701,0.01591556,-3.190635
-1.470182,0.01435778,-3.189064
-1.472009,0.01357889,-3.18854
-1.468355,0.01513667,-3.189587
-1.466528,0.01513667,-3.190111
-1.464701,0.01513667,-3.190635
-1.470182,0.01357889,-3.189064
-1.472009,0.0128,-3.18854
-1.468355,0.01435778,-3.189587
-1.466528,0.01435778,-3.190111
-1.464701,0.01435778,-3.190635
-1.470182,0.0128,-3.189064
-1.472009,0.01202111,-3.18854
-1.468355,0.01357889,-3.189587
-1.466528,0.01357889,-3.190111
-1.464701,0.01357889,-3.190635
-1.470182,0.01202111,-3.189064
-1.472009,0.01124222,-3.18854
-1.468355,0.0128,-3.189587
-1.466528,0.0128,-3.190111
-1.464701,0.0128,-3.190635
-1.470182,0.01124222,-3.189064
-1.472009,0.01046334,-3.18854
-1.468355,0.01202111,-3.189587
-1.466528,0.01202111,-3.190111
-1.464701,0.01202111,-3.190635
-1.470182,0.01046334,-3.189064
-1.472009,0.009684447,-3.18854
-1.468355,0.01124222,-3.189587
-1.466528,0.01124222,-3.190111
-1.464701,0.01124223,-3.190635
-1.470182,0.009684447,-3.189064
-1.472009,0.008905558,-3.18854
-1.468355,0.01046334,-3.189587
-1.466528,0.01046334,-3.190111
-1.464701,0.01046334,-3.190635
-1.470182,0.008905558,-3.189064
-1.472009,0.00812667,-3.18854
-1.470182,0.00812667,-3.189064
-1.468355,0.009684447,-3.189587
-1.466528,0.009684447,-3.190111
-1.464701,0.009684449,-3.190635
-1.468355,0.008905558,-3.189587
-1.468355,0.008126669,-3.189587
-1.466528,0.008905558,-3.190111
-1.464701,0.00890556,-3.190635
-1.466528,0.00812667,-3.190111
-1.464701,0.008126672,-3.190635
-1.471622,0.00812667,-3.187296
-1.469343,0.00812667,-3.187581
-1.471492,0.00812667,-3.186882
-1.469553,0.00812667,-3.187952
-1.471751,0.00812667,-3.187711
-1.467194,0.00812667,-3.18828
-1.469762,0.00812667,-3.188322
-1.47188,0.00812667,-3.188126
-1.467484,0.00812667,-3.188607
-1.465044,0.00812667,-3.188979
-1.469972,0.00812667,-3.188693
-1.472009,0.00812667,-3.18854
-1.470182,0.00812667,-3.189064
-1.467774,0.008126669,-3.188934
-1.465415,0.008126672,-3.189262
-1.462895,0.008126672,-3.189678
-1.468064,0.00812667,-3.189261
-1.468355,0.008126669,-3.189587
-1.465786,0.008126672,-3.189545
-1.466157,0.00812667,-3.189828
-1.466528,0.00812667,-3.190111
-1.463346,0.008126672,-3.189917
-1.464249,0.008126672,-3.190396
-1.464701,0.008126672,-3.190635
-1.465273,0.008126672,-3.192496
-1.463798,0.00812667,-3.190156
-1.46483,0.008126672,-3.192285
-1.465845,0.008126672,-3.194357
-1.463945,0.008126672,-3.191865
-1.463502,0.008126672,-3.191654
-1.464388,0.00812667,-3.192075
-1.465411,0.008126672,-3.194175
-1.466418,0.008126672,-3.196218
-1.464544,0.008126672,-3.193812
-1.46411,0.008126672,-3.19363
-1.464978,0.00812667,-3.193994
-1.465993,0.008126672,-3.196065
-1.46699,0.008126672,-3.198079
-1.465143,0.008126672,-3.195759
-1.464718,0.008126672,-3.195606
-1.465568,0.00812667,-3.195912
-1.466574,0.008126672,-3.197955
-1.467562,0.008126672,-3.19994
-1.465741,0.008126672,-3.197707
-1.465325,0.008126672,-3.197583
-1.466158,0.00812667,-3.197831
-1.467155,0.008126672,-3.199845
-1.468134,0.008126672,-3.201801
-1.46634,0.008126672,-3.199654
-1.465933,0.008126672,-3.199559
-1.466748,0.00812667,-3.199749
-1.467736,0.008126672,-3.201734
-1.468706,0.008126672,-3.203662
-1.466939,0.008126672,-3.201602
-1.466541,0.008126672,-3.201535
-1.467337,0.00812667,-3.201668
-1.468317,0.008126672,-3.203624
-1.469279,0.008126672,-3.205523
-1.467538,0.008126672,-3.203549
-1.467148,0.008126672,-3.203511
-1.467927,0.00812667,-3.203587
-1.468898,0.008126672,-3.205514
-1.469851,0.008126672,-3.207384
-1.468137,0.008126672,-3.205496
-1.467756,0.008126672,-3.205487
-1.468517,0.00812667,-3.205505
-1.469479,0.008126672,-3.207404
-1.470423,0.008126672,-3.209245
-1.468735,0.008126672,-3.207443
-1.468364,0.008126672,-3.207463
-1.469107,0.00812667,-3.207424
-1.47006,0.008126672,-3.209294
-1.470996,0.008126672,-3.211106
-1.469334,0.008126672,-3.209391
-1.468971,0.008126672,-3.20944
-1.469697,0.00812667,-3.209342
-1.470641,0.008126672,-3.211183
-1.471568,0.008126672,-3.212967
-1.469933,0.008126672,-3.211338
-1.469579,0.008126672,-3.211416
-1.470287,0.00812667,-3.211261
-1.471222,0.008126672,-3.213073
-1.47214,0.008126672,-3.214828
-1.470532,0.008126672,-3.213285
-1.470186,0.008126672,-3.213392
-1.470877,0.00812667,-3.213179
-1.471804,0.008126672,-3.214963
-1.472712,0.008126672,-3.216689
-1.471131,0.008126672,-3.215233
-1.470794,0.008126672,-3.215368
-1.471467,0.00812667,-3.215098
-1.472385,0.008126672,-3.216853
-1.473284,0.008126672,-3.21855
-1.471729,0.008126672,-3.21718
-1.471402,0.008126672,-3.217344
-1.472057,0.00812667,-3.217016
-1.472966,0.008126672,-3.218743
-1.473857,0.008126672,-3.220411
-1.472328,0.008126672,-3.219127
-1.472009,0.008126672,-3.21932
-1.472647,0.00812667,-3.218935
-1.473547,0.008126672,-3.220632
-1.474429,0.008126672,-3.222272
-1.472927,0.008126672,-3.221075
-1.472617,0.008126672,-3.221296
-1.473237,0.00812667,-3.220854
-1.474128,0.008126672,-3.222522
-1.475001,0.008126672,-3.224133
-1.473526,0.008126672,-3.223022
-1.473225,0.008126672,-3.223272
-1.473827,0.00812667,-3.222772
-1.474709,0.008126672,-3.224412
-1.475573,0.008126672,-3.225994
-1.474125,0.008126672,-3.22497
-1.473832,0.008126672,-3.225248
-1.474417,0.00812667,-3.224691
-1.47529,0.008126672,-3.226302
-1.476146,0.008126672,-3.227855
-1.474723,0.008126672,-3.226917
-1.47444,0.008126672,-3.227225
-1.475007,0.00812667,-3.226609
-1.475871,0.008126672,-3.228191
-1.476718,0.008126672,-3.229716
-1.475322,0.008126672,-3.228864
-1.475048,0.008126672,-3.229201
-1.475597,0.00812667,-3.228528
-1.476452,0.008126672,-3.230081
-1.47729,0.008126672,-3.231577
-1.475921,0.008126672,-3.230812
-1.475655,0.008126672,-3.231177
-1.476187,0.00812667,-3.230446
-1.477033,0.008126672,-3.231971
-1.477862,0.008126672,-3.233438
-1.47652,0.008126672,-3.232759
-1.476263,0.008126672,-3.233153
-1.476777,0.00812667,-3.232365
-1.477615,0.008126672,-3.233861
-1.478435,0.008126672,-3.235299
-1.477118,0.008126672,-3.234706
-1.476871,0.008126672,-3.235129
-1.477366,0.00812667,-3.234284
-1.478196,0.008126672,-3.235751
-1.477717,0.008126672,-3.236654
-1.477478,0.008126672,-3.237105
-1.479454,0.008126672,-3.236497
-1.477956,0.00812667,-3.236202
-1.479665,0.008126672,-3.236055
-1.48143,0.008126669,-3.23589
-1.480085,0.008126669,-3.23517
-1.480296,0.00812667,-3.234727
-1.479875,0.008126672,-3.235612
-1.481612,0.008126669,-3.235456
-1.483407,0.00812667,-3.235282
-1.481975,0.00812667,-3.234588
-1.482157,0.008126669,-3.234155
-1.481794,0.00812667,-3.235022
-1.483559,0.00812667,-3.234857
-1.485383,0.00812667,-3.234675
-1.483865,0.00812667,-3.234007
-1.484018,0.00812667,-3.233582
-1.483712,0.00812667,-3.234432
-1.485507,0.00812667,-3.234258
-1.487359,0.00812667,-3.234067
-1.485755,0.00812667,-3.233426
-1.485879,0.00812667,-3.23301
-1.485631,0.00812667,-3.233842
-1.487454,0.00812667,-3.23366
-1.489335,0.00812667,-3.233459
-1.487645,0.00812667,-3.232845
-1.48774,0.00812667,-3.232438
-1.487549,0.00812667,-3.233253
-1.489401,0.00812667,-3.233061
-1.491311,0.008126669,-3.232852
-1.489534,0.00812667,-3.232264
-1.489601,0.00812667,-3.231866
-1.489468,0.00812667,-3.232662
-1.491349,0.008126669,-3.232462
-1.493287,0.008126669,-3.232244
-1.491424,0.008126669,-3.231683
-1.491462,0.008126669,-3.231293
-1.491386,0.008126669,-3.232073
-1.493296,0.008126669,-3.231863
-1.495263,0.008126669,-3.231636
-1.493314,0.008126669,-3.231102
-1.493323,0.008126669,-3.230721
-1.493305,0.008126669,-3.231483
-1.495243,0.008126669,-3.231265
-1.497239,0.008126669,-3.231029
-1.495204,0.008126669,-3.230521
-1.495184,0.008126669,-3.230149
-1.495224,0.008126669,-3.230893
-1.497191,0.008126669,-3.230666
-1.499215,0.008126669,-3.230421
-1.497093,0.008126669,-3.22994
-1.497045,0.008126669,-3.229577
-1.497142,0.008126669,-3.230303
-1.499138,0.008126669,-3.230067
-1.501192,0.008126669,-3.229813
-1.498983,0.008126669,-3.229359
-1.498906,0.008126669,-3.229004
-1.499061,0.008126669,-3.229713
-1.501085,0.008126669,-3.229468
-1.503117,0.008126668,-3.229232
-1.500873,0.008126669,-3.228777
-1.500767,0.008126669,-3.228432
-1.500979,0.008126669,-3.229123
-1.503007,0.008126668,-3.228882
-1.505042,0.008126668,-3.22865
-1.502788,0.008126669,-3.228184
-1.502679,0.008126669,-3.227834
-1.502898,0.008126669,-3.228533
-1.504929,0.008126667,-3.228296
-1.506968,0.008126668,-3.228068
-1.504703,0.008126668,-3.22759
-1.504591,0.008126669,-3.227236
-1.504816,0.008126668,-3.227943
-1.506851,0.008126667,-3.22771
-1.508893,0.008126667,-3.227486
-1.508773,0.008126667,-3.227124
-1.506735,0.008126667,-3.227353
-1.508654,0.008126667,-3.226763
-1.506619,0.008126668,-3.226995
-1.506502,0.008126667,-3.226638
-1.508534,0.008126667,-3.226402
-1.508414,0.008126667,-3.22604
-1.464701,0.01669445,-3.190635
-1.464701,0.01747333,-3.190635
-1.465273,0.01747333,-3.192496
-1.465273,0.01669445,-3.192496
-1.464701,0.01591556,-3.190635
-1.465845,0.01747333,-3.194357
-1.465273,0.01591556,-3.192496
-1.464701,0.01513667,-3.190635
-1.465845,0.01669445,-3.194357
-1.466418,0.01747333,-3.196218
-1.465273,0.01513667,-3.192496
-1.464701,0.01435778,-3.190635
-1.465845,0.01591556,-3.194357
-1.466418,0.01669445,-3.196218
-1.46699,0.01747333,-3.198079
-1.465273,0.01435778,-3.192496
-1.464701,0.01357889,-3.190635
-1.465845,0.01513667,-3.194357
-1.46699,0.01669445,-3.198079
-1.467562,0.01747333,-3.19994
-1.466418,0.01591556,-3.196218
-1.465273,0.01357889,-3.192496
-1.464701,0.0128,-3.190635
-1.467562,0.01669445,-3.19994
-1.468134,0.01747333,-3.201801
-1.465845,0.01435778,-3.194357
-1.466418,0.01513667,-3.196218
-1.46699,0.01591556,-3.198079
-1.465273,0.0128,-3.192496
-1.464701,0.01202111,-3.190635
-1.468134,0.01669445,-3.201801
-1.468706,0.01747333,-3.203662
-1.465845,0.01357889,-3.194357
-1.466418,0.01435778,-3.196218
-1.46699,0.01513667,-3.198079
-1.467562,0.01591556,-3.19994
-1.465273,0.01202111,-3.192496
-1.464701,0.01124223,-3.190635
-1.468706,0.01669445,-3.203662
-1.469279,0.01747333,-3.205523
-1.465845,0.0128,-3.194357
-1.466418,0.01357889,-3.196218
-1.46699,0.01435778,-3.198079
-1.467562,0.01513667,-3.19994
-1.468134,0.01591556,-3.201801
-1.469279,0.01669445,-3.205523
-1.469851,0.01747333,-3.207384
-1.468706,0.01591556,-3.203662
-1.468134,0.01513667,-3.201801
-1.467562,0.01435778,-3.19994
-1.46699,0.01357889,-3.198079
-1.469851,0.01669445,-3.207384
-1.470423,0.01747333,-3.209245
-1.469279,0.01591556,-3.205523
-1.468706,0.01513667,-3.203662
-1.468134,0.01435778,-3.201801
-1.470423,0.01669445,-3.209245
-1.470996,0.01747333,-3.211106
-1.469851,0.01591556,-3.207384
-1.469279,0.01513667,-3.205523
-1.470996,0.01669445,-3.211106
-1.471568,0.01747333,-3.212967
-1.470423,0.01591556,-3.209245
-1.471568,0.01669445,-3.212967
-1.47214,0.01747333,-3.214828
-1.467562,0.01357889,-3.19994
-1.468706,0.01435778,-3.203662
-1.469851,0.01513667,-3.207384
-1.470996,0.01591556,-3.211106
-1.47214,0.01669445,-3.214828
-1.472712,0.01747333,-3.216689
-1.468134,0.01357889,-3.201801
-1.469279,0.01435778,-3.205523
-1.470423,0.01513667,-3.209245
-1.471568,0.01591556,-3.212967
-1.472712,0.01669445,-3.216689
-1.473284,0.01747333,-3.21855
-1.468706,0.01357889,-3.203662
-1.469851,0.01435778,-3.207384
-1.470996,0.01513667,-3.211106
-1.47214,0.01591556,-3.214828
-1.473284,0.01669445,-3.21855
-1.473857,0.01747333,-3.220411
-1.469279,0.01357889,-3.205523
-1.470423,0.01435778,-3.209245
-1.471568,0.01513667,-3.212967
-1.472712,0.01591556,-3.216689
-1.473857,0.01669445,-3.220411
-1.474429,0.01747333,-3.222272
-1.469851,0.01357889,-3.207384
-1.470996,0.01435778,-3.211106
-1.47214,0.01513667,-3.214828
-1.473284,0.01591556,-3.21855
-1.474429,0.01669445,-3.222272
-1.475001,0.01747333,-3.224133
-1.470423,0.01357889,-3.209245
-1.471568,0.01435778,-3.212967
-1.472712,0.01513667,-3.216689
-1.473857,0.01591556,-3.220411
-1.475001,0.01669445,-3.224133
-1.475573,0.01747333,-3.225994
-1.470996,0.01357889,-3.211106
-1.47214,0.01435778,-3.214828
-1.473284,0.01513667,-3.21855
-1.474429,0.01591556,-3.222272
-1.475573,0.01669445,-3.225994
-1.476146,0.01747333,-3.227855
-1.471568,0.01357889,-3.212967
-1.472712,0.01435778,-3.216689
-1.473857,0.01513667,-3.220411
-1.475001,0.01591556,-3.224133
-1.476146,0.01669445,-3.227855
-1.476718,0.01747333,-3.229716
-1.47214,0.01357889,-3.214828
-1.473284,0.01435778,-3.21855
-1.474429,0.01513667,-3.222272
-1.475573,0.01591556,-3.225994
-1.476718,0.01669445,-3.229716
-1.47729,0.01747333,-3.231577
-1.472712,0.01357889,-3.216689
-1.473857,0.01435778,-3.220411
-1.475001,0.01513667,-3.224133
-1.476146,0.01591556,-3.227855
-1.47729,0.01669445,-3.231577
-1.477862,0.01747333,-3.233438
-1.473284,0.01357889,-3.21855
-1.474429,0.01435778,-3.222272
-1.475573,0.01513667,-3.225994
-1.476718,0.01591556,-3.229716
-1.477862,0.01669445,-3.233438
-1.478435,0.01747333,-3.235299
-1.478435,0.01669445,-3.235299
-1.47729,0.01591556,-3.231577
-1.477862,0.01591556,-3.233438
-1.478435,0.01591556,-3.235299
-1.476146,0.01513667,-3.227855
-1.475001,0.01435778,-3.224133
-1.476718,0.01513667,-3.229716
-1.477862,0.01513667,-3.233438
-1.478435,0.01513667,-3.235299
-1.47729,0.01513667,-3.231577
-1.475573,0.01435778,-3.225994
-1.477862,0.01435778,-3.233438
-1.478435,0.01435778,-3.235299
-1.476146,0.01435778,-3.227855
-1.47729,0.01435778,-3.231577
-1.476718,0.01435778,-3.229716
-1.477862,0.01357889,-3.233438
-1.478435,0.01357889,-3.235299
-1.47729,0.01357889,-3.231577
-1.476718,0.01357889,-3.229716
-1.476146,0.01357889,-3.227855
-1.475573,0.01357889,-3.225994
-1.477862,0.0128,-3.233438
-1.478435,0.0128,-3.235299
-1.47729,0.0128,-3.231577
-1.476718,0.0128,-3.229716
-1.476146,0.0128,-3.227855
-1.477862,0.01202111,-3.233438
-1.478435,0.01202111,-3.235299
-1.47729,0.01202111,-3.231577
-1.476718,0.01202111,-3.229716
-1.477862,0.01124223,-3.233438
-1.478435,0.01124223,-3.235299
-1.47729,0.01124223,-3.231577
-1.477862,0.01046334,-3.233438
-1.478435,0.01046334,-3.235299
-1.475573,0.0128,-3.225994
-1.476146,0.01202111,-3.227855
-1.476718,0.01124223,-3.229716
-1.47729,0.01046334,-3.231577
-1.477862,0.009684449,-3.233438
-1.478435,0.009684449,-3.235299
-1.475573,0.01202111,-3.225994
-1.476146,0.01124223,-3.227855
-1.476718,0.01046334,-3.229716
-1.47729,0.009684449,-3.231577
-1.477862,0.00890556,-3.233438
-1.478435,0.00890556,-3.235299
-1.477862,0.008126672,-3.233438
-1.478435,0.008126672,-3.235299
-1.47729,0.008126672,-3.231577
-1.47729,0.00890556,-3.231577
-1.476718,0.008126672,-3.229716
-1.476718,0.00890556,-3.229716
-1.476146,0.008126672,-3.227855
-1.476718,0.009684449,-3.229716
-1.476146,0.00890556,-3.227855
-1.475573,0.008126672,-3.225994
-1.476146,0.009684449,-3.227855
-1.475573,0.00890556,-3.225994
-1.475001,0.008126672,-3.224133
-1.476146,0.01046334,-3.227855
-1.475001,0.00890556,-3.224133
-1.474429,0.008126672,-3.222272
-1.475573,0.009684449,-3.225994
-1.475573,0.01046334,-3.225994
-1.474429,0.00890556,-3.222272
-1.473857,0.008126672,-3.220411
-1.475001,0.009684449,-3.224133
-1.475573,0.01124223,-3.225994
-1.473857,0.00890556,-3.220411
-1.473284,0.008126672,-3.21855
-1.474429,0.009684449,-3.222272
-1.475001,0.01046334,-3.224133
-1.475001,0.01124223,-3.224133
-1.473284,0.00890556,-3.21855
-1.472712,0.008126672,-3.216689
-1.473857,0.009684449,-3.220411
-1.474429,0.01046334,-3.222272
-1.475001,0.01202111,-3.224133
-1.472712,0.00890556,-3.216689
-1.47214,0.008126672,-3.214828
-1.473284,0.009684449,-3.21855
-1.474429,0.01124223,-3.222272
-1.473857,0.01046334,-3.220411
-1.475001,0.0128,-3.224133
-1.47214,0.00890556,-3.214828
-1.471568,0.008126672,-3.212967
-1.472712,0.009684449,-3.216689
-1.473284,0.01046334,-3.21855
-1.473857,0.01124223,-3.220411
-1.474429,0.01202111,-3.222272
-1.475001,0.01357889,-3.224133
-1.474429,0.0128,-3.222272
-1.474429,0.01357889,-3.222272
-1.473857,0.01202111,-3.220411
-1.473284,0.01124223,-3.21855
-1.473857,0.01357889,-3.220411
-1.473857,0.0128,-3.220411
-1.473284,0.0128,-3.21855
-1.473284,0.01202111,-3.21855
-1.472712,0.01046334,-3.216689
-1.472712,0.0128,-3.216689
-1.472712,0.01202111,-3.216689
-1.472712,0.01124223,-3.216689
-1.47214,0.009684449,-3.214828
-1.47214,0.0128,-3.214828
-1.47214,0.01046334,-3.214828
-1.47214,0.01202111,-3.214828
-1.47214,0.01124223,-3.214828
-1.471568,0.00890556,-3.212967
-1.470996,0.008126672,-3.211106
-1.471568,0.0128,-3.212967
-1.471568,0.009684449,-3.212967
-1.470996,0.00890556,-3.211106
-1.470423,0.008126672,-3.209245
-1.471568,0.01046334,-3.212967
-1.470423,0.00890556,-3.209245
-1.469851,0.008126672,-3.207384
-1.470995,0.009684449,-3.211106
-1.471568,0.01124223,-3.212967
-1.469851,0.00890556,-3.207384
-1.469279,0.008126672,-3.205523
-1.470423,0.009684449,-3.209245
-1.470996,0.01046334,-3.211106
-1.471568,0.01202111,-3.212967
-1.469279,0.00890556,-3.205523
-1.468706,0.008126672,-3.203662
-1.469851,0.009684449,-3.207384
-1.470996,0.01124223,-3.211106
-1.470423,0.01046334,-3.209245
-1.470996,0.01202111,-3.211106
-1.468706,0.00890556,-3.203662
-1.468134,0.008126672,-3.201801
-1.469279,0.009684449,-3.205523
-1.469851,0.01046334,-3.207384
-1.470423,0.01124223,-3.209245
-1.470996,0.0128,-3.211106
-1.468134,0.00890556,-3.201801
-1.467562,0.008126672,-3.19994
-1.468706,0.009684449,-3.203662
-1.469279,0.01046334,-3.205523
-1.469851,0.01124223,-3.207384
-1.470423,0.01202111,-3.209245
-1.470423,0.0128,-3.209245
-1.467562,0.00890556,-3.19994
-1.46699,0.008126672,-3.198079
-1.468134,0.009684449,-3.201801
-1.468706,0.01046334,-3.203662
-1.469279,0.01124223,-3.205523
-1.469851,0.01202111,-3.207384
-1.469851,0.0128,-3.207384
-1.46699,0.00890556,-3.198079
-1.466418,0.008126672,-3.196218
-1.467562,0.009684449,-3.19994
-1.468134,0.01046334,-3.201801
-1.468706,0.01124223,-3.203662
-1.469279,0.01202111,-3.205523
-1.469279,0.0128,-3.205523
-1.466418,0.00890556,-3.196218
-1.465845,0.008126672,-3.194357
-1.46699,0.009684449,-3.198079
-1.467562,0.01046334,-3.19994
-1.468706,0.01202111,-3.203662
-1.468706,0.0128,-3.203662
-1.468134,0.01124223,-3.201801
-1.465845,0.00890556,-3.194357
-1.465273,0.008126672,-3.192496
-1.466418,0.009684449,-3.196218
-1.468134,0.01202111,-3.201801
-1.468134,0.0128,-3.201801
-1.467562,0.01124223,-3.19994
-1.46699,0.01046334,-3.198079
-1.465273,0.00890556,-3.192496
-1.464701,0.008126672,-3.190635
-1.464701,0.00890556,-3.190635
-1.467562,0.01202111,-3.19994
-1.467562,0.0128,-3.19994
-1.465845,0.009684449,-3.194357
-1.465273,0.009684449,-3.192496
-1.464701,0.009684449,-3.190635
-1.46699,0.01124223,-3.198079
-1.466418,0.01046334,-3.196218
-1.46699,0.01202111,-3.198079
-1.46699,0.0128,-3.198079
-1.465273,0.01046334,-3.192496
-1.464701,0.01046334,-3.190635
-1.465845,0.01046334,-3.194357
-1.466418,0.01124223,-3.196218
-1.466418,0.01202111,-3.196218
-1.466418,0.0128,-3.196218
-1.465845,0.01124223,-3.194357
-1.465273,0.01124223,-3.192496
-1.465845,0.01202111,-3.194357
-1.462895,0.01669445,-3.189678
-1.463502,0.01747333,-3.191654
-1.462895,0.01747333,-3.189678
-1.463502,0.01669445,-3.191654
-1.462895,0.01591556,-3.189678
-1.46411,0.01747333,-3.19363
-1.463502,0.01591556,-3.191654
-1.462895,0.01513667,-3.189678
-1.46411,0.01669445,-3.19363
-1.464718,0.01747333,-3.195606
-1.463502,0.01513667,-3.191654
-1.462895,0.01435778,-3.189678
-1.46411,0.01591556,-3.19363
-1.464718,0.01669445,-3.195606
-1.465325,0.01747333,-3.197583
-1.463502,0.01435778,-3.191654
-1.462895,0.01357889,-3.189678
-1.46411,0.01513667,-3.19363
-1.465325,0.01669445,-3.197583
-1.465933,0.01747333,-3.199559
-1.464718,0.01591556,-3.195606
-1.463502,0.01357889,-3.191654
-1.462895,0.0128,-3.189678
-1.465933,0.01669445,-3.199559
-1.466541,0.01747333,-3.201535
-1.46411,0.01435778,-3.19363
-1.464718,0.01513667,-3.195606
-1.465325,0.01591556,-3.197583
-1.463502,0.0128,-3.191654
-1.462895,0.01202111,-3.189678
-1.466541,0.01669445,-3.201535
-1.467148,0.01747333,-3.203511
-1.46411,0.01357889,-3.19363
-1.464718,0.01435778,-3.195606
-1.465325,0.01513667,-3.197583
-1.465933,0.01591556,-3.199559
-1.463502,0.01202111,-3.191654
-1.462895,0.01124223,-3.189678
-1.467148,0.01669445,-3.203511
-1.467756,0.01747333,-3.205487
-1.46411,0.0128,-3.19363
-1.464718,0.01357889,-3.195606
-1.465325,0.01435778,-3.197583
-1.466541,0.01591556,-3.201535
-1.465933,0.01513667,-3.199559
-1.467756,0.01669445,-3.205487
-1.468364,0.01747333,-3.207463
-1.467148,0.01591556,-3.203511
-1.466541,0.01513667,-3.201535
-1.465933,0.01435778,-3.199559
-1.465325,0.01357889,-3.197583
-1.468364,0.01669445,-3.207463
-1.468971,0.01747333,-3.20944
-1.467756,0.01591556,-3.205487
-1.467148,0.01513667,-3.203511
-1.466541,0.01435778,-3.201535
-1.468971,0.01669445,-3.20944
-1.469579,0.01747333,-3.211416
-1.468364,0.01591556,-3.207463
-1.467756,0.01513667,-3.205487
-1.469579,0.01669445,-3.211416
-1.470186,0.01747333,-3.213392
-1.468971,0.01591556,-3.20944
-1.470186,0.01669445,-3.213392
-1.470794,0.01747333,-3.215368
-1.465933,0.01357889,-3.199559
-1.467148,0.01435778,-3.203511
-1.468364,0.01513667,-3.207463
-1.469579,0.01591556,-3.211416
-1.470794,0.01669445,-3.215368
-1.471402,0.01747333,-3.217344
-1.466541,0.01357889,-3.201535
-1.467756,0.01435778,-3.205487
-1.468971,0.01513667,-3.20944
-1.470186,0.01591556,-3.213392
-1.471402,0.01669445,-3.217344
-1.472009,0.01747333,-3.21932
-1.467148,0.01357889,-3.203511
-1.468364,0.01435778,-3.207463
-1.469579,0.01513667,-3.211416
-1.470794,0.01591556,-3.215368
-1.472009,0.01669445,-3.21932
-1.472617,0.01747333,-3.221296
-1.467756,0.01357889,-3.205487
-1.468971,0.01435778,-3.20944
-1.470186,0.01513667,-3.213392
-1.471402,0.01591556,-3.217344
-1.472617,0.01669445,-3.221296
-1.473225,0.01747333,-3.223272
-1.468364,0.01357889,-3.207463
-1.469579,0.01435778,-3.211416
-1.470794,0.01513667,-3.215368
-1.472009,0.01591556,-3.21932
-1.473225,0.01669445,-3.223272
-1.473832,0.01747333,-3.225248
-1.468971,0.01357889,-3.20944
-1.470186,0.01435778,-3.213392
-1.471402,0.01513667,-3.217344
-1.472617,0.01591556,-3.221296
-1.473832,0.01669445,-3.225248
-1.47444,0.01747333,-3.227225
-1.469579,0.01357889,-3.211416
-1.470794,0.01435778,-3.215368
-1.472009,0.01513667,-3.21932
-1.473225,0.01591556,-3.223272
-1.47444,0.01669445,-3.227225
-1.475048,0.01747333,-3.229201
-1.470186,0.01357889,-3.213392
-1.471402,0.01435778,-3.217344
-1.472617,0.01513667,-3.221296
-1.473832,0.01591556,-3.225248
-1.475048,0.01669445,-3.229201
-1.475655,0.01747333,-3.231177
-1.470794,0.01357889,-3.215368
-1.472009,0.01435778,-3.21932
-1.473225,0.01513667,-3.223272
-1.47444,0.01591556,-3.227225
-1.475655,0.01669445,-3.231177
-1.476263,0.01747333,-3.233153
-1.471402,0.01357889,-3.217344
-1.472617,0.01435778,-3.221296
-1.473832,0.01513667,-3.225248
-1.475048,0.01591556,-3.229201
-1.476263,0.01669445,-3.233153
-1.476871,0.01747333,-3.235129
-1.472009,0.01357889,-3.21932
-1.473225,0.01435778,-3.223272
-1.47444,0.01513667,-3.227225
-1.475655,0.01591556,-3.231177
-1.476871,0.01669445,-3.235129
-1.477478,0.01747333,-3.237105
-1.477478,0.01669445,-3.237105
-1.476263,0.01591556,-3.233153
-1.476871,0.01591556,-3.235129
-1.477478,0.01591556,-3.237105
-1.475048,0.01513667,-3.229201
-1.473832,0.01435778,-3.225248
-1.475655,0.01513667,-3.231177
-1.476871,0.01513667,-3.235129
-1.477478,0.01513667,-3.237105
-1.476263,0.01513667,-3.233153
-1.47444,0.01435778,-3.227225
-1.476871,0.01435778,-3.235129
-1.477478,0.01435778,-3.237105
-1.475048,0.01435778,-3.229201
-1.475655,0.01435778,-3.231177
-1.476263,0.01435778,-3.233153
-1.476871,0.01357889,-3.235129
-1.477478,0.01357889,-3.237105
-1.476263,0.01357889,-3.233153
-1.475655,0.01357889,-3.231177
-1.475048,0.01357889,-3.229201
-1.47444,0.01357889,-3.227225
-1.476871,0.0128,-3.235129
-1.477478,0.0128,-3.237105
-1.476263,0.0128,-3.233153
-1.475655,0.0128,-3.231177
-1.475048,0.0128,-3.229201
-1.476871,0.01202111,-3.235129
-1.477478,0.01202111,-3.237105
-1.476263,0.01202111,-3.233153
-1.475655,0.01202111,-3.231177
-1.476871,0.01124223,-3.235129
-1.477478,0.01124223,-3.237105
-1.476263,0.01124223,-3.233153
-1.476871,0.01046334,-3.235129
-1.477478,0.01046334,-3.237105
-1.47444,0.0128,-3.227225
-1.475048,0.01202111,-3.229201
-1.475655,0.01124223,-3.231177
-1.476263,0.01046334,-3.233153
-1.476871,0.009684449,-3.235129
-1.477478,0.009684449,-3.237105
-1.47444,0.01202111,-3.227225
-1.475048,0.01124223,-3.229201
-1.475655,0.01046334,-3.231177
-1.476263,0.009684449,-3.233153
-1.476871,0.00890556,-3.235129
-1.477478,0.00890556,-3.237105
-1.476871,0.008126672,-3.235129
-1.477478,0.008126672,-3.237105
-1.476263,0.008126672,-3.233153
-1.476263,0.00890556,-3.233153
-1.475655,0.008126672,-3.231177
-1.475655,0.00890556,-3.231177
-1.475048,0.008126672,-3.229201
-1.475655,0.009684449,-3.231177
-1.475048,0.00890556,-3.229201
-1.47444,0.008126672,-3.227225
-1.475048,0.009684449,-3.229201
-1.47444,0.00890556,-3.227225
-1.473832,0.008126672,-3.225248
-1.475048,0.01046334,-3.229201
-1.473832,0.00890556,-3.225248
-1.473225,0.008126672,-3.223272
-1.47444,0.009684449,-3.227225
-1.47444,0.01046334,-3.227225
-1.473225,0.00890556,-3.223272
-1.472617,0.008126672,-3.221296
-1.473832,0.009684449,-3.225248
-1.47444,0.01124223,-3.227225
-1.472617,0.00890556,-3.221296
-1.472009,0.008126672,-3.21932
-1.473225,0.009684449,-3.223272
-1.473832,0.01046334,-3.225248
-1.473832,0.01124223,-3.225248
-1.472009,0.00890556,-3.21932
-1.471402,0.008126672,-3.217344
-1.473225,0.01046334,-3.223272
-1.472617,0.009684449,-3.221296
-1.473832,0.01202111,-3.225248
-1.471402,0.00890556,-3.217344
-1.470794,0.008126672,-3.215368
-1.472009,0.009684449,-3.21932
-1.473225,0.01124223,-3.223272
-1.472617,0.01046334,-3.221296
-1.473832,0.0128,-3.225248
-1.470794,0.00890556,-3.215368
-1.470186,0.008126672,-3.213392
-1.471402,0.009684449,-3.217344
-1.472009,0.01046334,-3.21932
-1.472617,0.01124223,-3.221296
-1.473225,0.01202111,-3.223272
-1.473832,0.01357889,-3.225248
-1.473225,0.0128,-3.223272
-1.473225,0.01357889,-3.223272
-1.472617,0.01202111,-3.221296
-1.472009,0.01124223,-3.21932
-1.472617,0.0128,-3.221296
-1.472617,0.01357889,-3.221296
-1.472009,0.01202111,-3.21932
-1.472009,0.0128,-3.21932
-1.471402,0.01046334,-3.217344
-1.471402,0.0128,-3.217344
-1.471402,0.01124223,-3.217344
-1.471402,0.01202111,-3.217344
-1.470794,0.009684449,-3.215368
-1.470794,0.0128,-3.215368
-1.470794,0.01046334,-3.215368
-1.470794,0.01202111,-3.215368
-1.470794,0.01124223,-3.215368
-1.470186,0.00890556,-3.213392
-1.469579,0.008126672,-3.211416
-1.470186,0.0128,-3.213392
-1.470186,0.009684449,-3.213392
-1.469579,0.00890556,-3.211416
-1.468971,0.008126672,-3.20944
-1.470186,0.01046334,-3.213392
-1.470186,0.01124223,-3.213392
-1.470186,0.01202111,-3.213392
-1.469579,0.0128,-3.211416
-1.468971,0.00890556,-3.20944
-1.468364,0.008126672,-3.207463
-1.469579,0.009684449,-3.211416
-1.469579,0.01046334,-3.211416
-1.469579,0.01202111,-3.211416
-1.469579,0.01124223,-3.211416
-1.468971,0.0128,-3.20944
-1.468971,0.009684449,-3.20944
-1.468971,0.01046334,-3.20944
-1.468971,0.01124223,-3.20944
-1.468971,0.01202111,-3.20944
-1.468364,0.0128,-3.207463
-1.468364,0.00890556,-3.207463
-1.467756,0.008126672,-3.205487
-1.468364,0.009684449,-3.207463
-1.467756,0.00890556,-3.205487
-1.467148,0.008126672,-3.203511
-1.468364,0.01046334,-3.207463
-1.468364,0.01202111,-3.207463
-1.468364,0.01124223,-3.207463
-1.467148,0.00890556,-3.203511
-1.466541,0.008126672,-3.201535
-1.467756,0.009684449,-3.205487
-1.467756,0.01046334,-3.205487
-1.467756,0.01124223,-3.205487
-1.467756,0.01202111,-3.205487
-1.466541,0.00890556,-3.201535
-1.465933,0.008126672,-3.199559
-1.467148,0.009684449,-3.203511
-1.467148,0.01046334,-3.203511
-1.465933,0.00890556,-3.199559
-1.465325,0.008126672,-3.197583
-1.466541,0.009684449,-3.201535
-1.467148,0.01124223,-3.203511
-1.467756,0.0128,-3.205487
-1.465325,0.00890556,-3.197583
-1.464718,0.008126672,-3.195606
-1.465933,0.009684449,-3.199559
-1.466541,0.01046334,-3.201535
-1.467148,0.01202111,-3.203511
-1.467148,0.0128,-3.203511
-1.464718,0.00890556,-3.195606
-1.46411,0.008126672,-3.19363
-1.465325,0.009684449,-3.197583
-1.465933,0.01046334,-3.199559
-1.466541,0.01124223,-3.201535
-1.466541,0.01202111,-3.201535
-1.466541,0.0128,-3.201535
-1.46411,0.00890556,-3.19363
-1.463502,0.008126672,-3.191654
-1.464718,0.009684449,-3.195606
-1.465933,0.01124223,-3.199559
-1.465325,0.01046334,-3.197583
-1.465933,0.01202111,-3.199559
-1.465933,0.0128,-3.199559
-1.463502,0.00890556,-3.191654
-1.462895,0.008126672,-3.189678
-1.462895,0.00890556,-3.189678
-1.46411,0.009684449,-3.19363
-1.463502,0.009684449,-3.191654
-1.462895,0.009684449,-3.189678
-1.465325,0.01124223,-3.197583
-1.464718,0.01046334,-3.195606
-1.46411,0.01046334,-3.19363
-1.463502,0.01046334,-3.191654
-1.462895,0.01046334,-3.189678
-1.465325,0.01202111,-3.197583
-1.464718,0.01124223,-3.195606
-1.46411,0.01124223,-3.19363
-1.463502,0.01124223,-3.191654
-1.46411,0.01202111,-3.19363
-1.464718,0.01202111,-3.195606
-1.465325,0.0128,-3.197583
-1.464718,0.0128,-3.195606
-1.478435,0.00890556,-3.235299
-1.480296,0.00812667,-3.234727
-1.478435,0.008126672,-3.235299
-1.480296,0.008905558,-3.234727
-1.478435,0.009684449,-3.235299
-1.482157,0.008126669,-3.234155
-1.480296,0.009684447,-3.234727
-1.478435,0.01046334,-3.235299
-1.482157,0.008905558,-3.234155
-1.484018,0.00812667,-3.233582
-1.480296,0.01046334,-3.234727
-1.478435,0.01124223,-3.235299
-1.482157,0.009684447,-3.234155
-1.484018,0.008905558,-3.233582
-1.485879,0.00812667,-3.23301
-1.480296,0.01124222,-3.234727
-1.478435,0.01202111,-3.235299
-1.482157,0.01046334,-3.234155
-1.485879,0.008905558,-3.23301
-1.48774,0.00812667,-3.232438
-1.484018,0.009684447,-3.233582
-1.480296,0.01202111,-3.234727
-1.478435,0.0128,-3.235299
-1.48774,0.008905558,-3.232438
-1.489601,0.00812667,-3.231866
-1.482157,0.01124222,-3.234155
-1.484018,0.01046334,-3.233582
-1.485879,0.009684447,-3.23301
-1.480296,0.0128,-3.234727
-1.478435,0.01357889,-3.235299
-1.489601,0.00890556,-3.231866
-1.491462,0.008126669,-3.231293
-1.482157,0.01202111,-3.234155
-1.484018,0.01124222,-3.233582
-1.485879,0.01046334,-3.23301
-1.48774,0.009684447,-3.232438
-1.480296,0.01357889,-3.234727
-1.478435,0.01435778,-3.235299
-1.491462,0.008905558,-3.231293
-1.493323,0.008126669,-3.230721
-1.482157,0.0128,-3.234155
-1.484018,0.01202111,-3.233582
-1.485879,0.01124222,-3.23301
-1.489601,0.009684447,-3.231866
-1.48774,0.01046334,-3.232438
-1.493323,0.008905558,-3.230721
-1.495184,0.008126669,-3.230149
-1.491462,0.009684446,-3.231293
-1.489601,0.01046334,-3.231866
-1.48774,0.01124222,-3.232438
-1.485879,0.01202111,-3.23301
-1.495184,0.008905558,-3.230149
-1.497045,0.008126669,-3.229577
-1.493323,0.009684446,-3.230721
-1.491462,0.01046334,-3.231293
-1.489601,0.01124222,-3.231866
-1.497045,0.008905558,-3.229577
-1.498906,0.008126669,-3.229004
-1.495184,0.009684446,-3.230149
-1.493323,0.01046334,-3.230721
-1.498906,0.008905558,-3.229004
-1.500767,0.008126669,-3.228432
-1.497045,0.009684446,-3.229577
-1.500767,0.008905557,-3.228432
-1.502679,0.008126669,-3.227834
-1.48774,0.01202111,-3.232438
-1.491462,0.01124222,-3.231293
-1.495184,0.01046333,-3.230149
-1.498906,0.009684445,-3.229004
-1.502679,0.008905557,-3.227834
-1.504591,0.008126669,-3.227236
-1.489601,0.01202111,-3.231866
-1.493323,0.01124222,-3.230721
-1.497045,0.01046333,-3.229577
-1.500767,0.009684445,-3.228432
-1.504591,0.008905556,-3.227236
-1.506502,0.008126667,-3.226638
-1.491462,0.01202111,-3.231293
-1.495184,0.01124222,-3.230149
-1.498906,0.01046333,-3.229004
-1.502679,0.009684445,-3.227834
-1.506502,0.008905557,-3.226638
-1.508414,0.008126667,-3.22604
-1.508414,0.008905557,-3.22604
-1.504591,0.009684445,-3.227236
-1.506502,0.009684444,-3.226638
-1.508414,0.009684444,-3.22604
-1.500767,0.01046333,-3.228432
-1.497045,0.01124222,-3.229577
-1.502679,0.01046333,-3.227834
-1.506502,0.01046333,-3.226638
-1.508414,0.01046333,-3.22604
-1.504591,0.01046333,-3.227236
-1.498906,0.01124222,-3.229004
-1.506502,0.01124222,-3.226638
-1.508414,0.01124222,-3.22604
-1.500767,0.01124222,-3.228432
-1.502679,0.01124222,-3.227834
-1.504591,0.01124222,-3.227236
-1.506502,0.01202111,-3.226638
-1.508414,0.01202111,-3.22604
-1.504591,0.01202111,-3.227236
-1.502679,0.01202111,-3.227834
-1.500767,0.01202111,-3.228432
-1.498906,0.01202111,-3.229004
-1.506502,0.0128,-3.226638
-1.508414,0.0128,-3.22604
-1.504591,0.0128,-3.227236
-1.502679,0.0128,-3.227834
-1.500767,0.0128,-3.228432
-1.506502,0.01357889,-3.226638
-1.508414,0.01357889,-3.22604
-1.504591,0.01357889,-3.227236
-1.502679,0.01357889,-3.227834
-1.506502,0.01435778,-3.226638
-1.508414,0.01435778,-3.22604
-1.504591,0.01435778,-3.227236
-1.506502,0.01513666,-3.226638
-1.508414,0.01513666,-3.22604
-1.498906,0.0128,-3.229004
-1.500767,0.01357889,-3.228432
-1.502679,0.01435778,-3.227834
-1.504591,0.01513666,-3.227236
-1.506502,0.01591555,-3.226638
-1.508414,0.01591555,-3.22604
-1.498906,0.01357889,-3.229004
-1.500767,0.01435778,-3.228432
-1.502679,0.01513666,-3.227834
-1.504591,0.01591555,-3.227236
-1.506502,0.01669444,-3.226638
-1.508414,0.01669444,-3.22604
-1.506502,0.01747333,-3.226638
-1.508414,0.01747333,-3.22604
-1.504591,0.01747333,-3.227236
-1.504591,0.01669444,-3.227236
-1.502679,0.01747333,-3.227834
-1.502679,0.01669444,-3.227834
-1.500767,0.01747333,-3.228432
-1.502679,0.01591555,-3.227834
-1.500767,0.01669444,-3.228432
-1.498906,0.01747333,-3.229004
-1.500767,0.01591555,-3.228432
-1.498906,0.01669444,-3.229004
-1.497045,0.01747333,-3.229577
-1.500767,0.01513666,-3.228432
-1.497045,0.01669444,-3.229577
-1.495184,0.01747333,-3.230149
-1.498906,0.01591555,-3.229004
-1.498906,0.01513666,-3.229004
-1.495184,0.01669444,-3.230149
-1.493323,0.01747333,-3.230721
-1.497045,0.01591555,-3.229577
-1.498906,0.01435778,-3.229004
-1.493323,0.01669444,-3.230721
-1.491462,0.01747333,-3.231293
-1.495184,0.01591555,-3.230149
-1.497045,0.01513667,-3.229577
-1.497045,0.01435778,-3.229577
-1.491462,0.01669444,-3.231293
-1.489601,0.01747333,-3.231866
-1.495184,0.01513667,-3.230149
-1.493323,0.01591556,-3.230721
-1.497045,0.01357889,-3.229577
-1.489601,0.01669444,-3.231866
-1.48774,0.01747333,-3.232438
-1.491462,0.01591555,-3.231293
-1.495184,0.01435778,-3.230149
-1.493323,0.01513667,-3.230721
-1.497045,0.0128,-3.229577
-1.48774,0.01669445,-3.232438
-1.485879,0.01747333,-3.23301
-1.489601,0.01591556,-3.231866
-1.491462,0.01513667,-3.231293
-1.493323,0.01435778,-3.230721
-1.495184,0.01357889,-3.230149
-1.497045,0.01202111,-3.229577
-1.495184,0.0128,-3.230149
-1.495184,0.01202111,-3.230149
-1.493323,0.01357889,-3.230721
-1.491462,0.01435778,-3.231293
-1.493323,0.0128,-3.230721
-1.493323,0.01202111,-3.230721
-1.491462,0.01357889,-3.231293
-1.491462,0.0128,-3.231293
-1.489601,0.01513667,-3.231866
-1.489601,0.0128,-3.231866
-1.489601,0.01435778,-3.231866
-1.489601,0.01357889,-3.231866
-1.48774,0.01591556,-3.232438
-1.48774,0.0128,-3.232438
-1.48774,0.01513667,-3.232438
-1.48774,0.01357889,-3.232438
-1.48774,0.01435778,-3.232438
-1.485879,0.01669445,-3.23301
-1.484018,0.01747333,-3.233582
-1.485879,0.0128,-3.23301
-1.485879,0.01591556,-3.23301
-1.484018,0.01669445,-3.233582
-1.482157,0.01747333,-3.234155
-1.485879,0.01513667,-3.23301
-1.485879,0.01435778,-3.23301
-1.485879,0.01357889,-3.23301
-1.484018,0.0128,-3.233582
-1.482157,0.01669445,-3.234155
-1.480296,0.01747333,-3.234727
-1.484018,0.01357889,-3.233582
-1.482157,0.01357889,-3.234155
-1.484018,0.01435778,-3.233582
-1.480296,0.01435778,-3.234727
-1.478435,0.01513667,-3.235299
-1.482157,0.01435778,-3.234155
-1.480296,0.01513667,-3.234727
-1.478435,0.01591556,-3.235299
-1.484018,0.01513667,-3.233582
-1.482157,0.01513667,-3.234155
-1.480296,0.01591556,-3.234727
-1.478435,0.01669445,-3.235299
-1.484018,0.01591556,-3.233582
-1.482157,0.01591556,-3.234155
-1.480296,0.01669445,-3.234727
-1.478435,0.01747333,-3.235299
-1.518812,0.01744593,-3.224514
-1.516643,0.01744311,-3.224766
-1.516781,0.0174368,-3.225178
-1.518596,0.01745066,-3.224146
-1.520843,0.01745506,-3.22385
-1.516506,0.01744941,-3.224355
-1.520548,0.01745822,-3.223525
-1.522874,0.01746419,-3.223186
-1.522501,0.01746577,-3.222904
-1.524905,0.01747333,-3.222522
-1.524454,0.01747333,-3.222283
-1.51838,0.01745539,-3.223777
-1.520548,0.01745822,-3.223525
-1.520254,0.01746137,-3.223199
-1.522128,0.01746735,-3.222621
-1.524454,0.01747333,-3.222283
-1.524002,0.01747333,-3.222044
-1.523855,0.01747333,-3.220335
-1.524297,0.01747333,-3.220546
-1.523412,0.01747333,-3.220125
-1.523256,0.01747333,-3.218388
-1.52369,0.01747333,-3.21857
-1.522822,0.01747333,-3.218206
-1.522657,0.01747333,-3.216441
-1.523082,0.01747333,-3.216594
-1.522232,0.01747333,-3.216288
-1.522058,0.01747333,-3.214493
-1.522475,0.01747333,-3.214617
-1.521642,0.01747333,-3.214369
-1.52146,0.01747333,-3.212546
-1.521867,0.01747333,-3.212641
-1.521052,0.01747333,-3.212451
-1.520861,0.01747333,-3.210598
-1.521259,0.01747333,-3.210665
-1.520462,0.01747333,-3.210532
-1.520262,0.01747333,-3.208651
-1.520652,0.01747333,-3.208689
-1.519873,0.01747333,-3.208613
-1.519663,0.01747333,-3.206704
-1.520044,0.01747333,-3.206713
-1.519283,0.01747333,-3.206695
-1.519064,0.01747333,-3.204756
-1.519436,0.01747333,-3.204737
-1.518693,0.01747333,-3.204776
-1.518466,0.01747333,-3.202809
-1.518829,0.01747333,-3.20276
-1.518103,0.01747333,-3.202858
-1.517867,0.01747333,-3.200862
-1.518221,0.01747333,-3.200784
-1.517513,0.01747333,-3.200939
-1.517268,0.01747333,-3.198915
-1.517613,0.01747333,-3.198808
-1.516923,0.01747333,-3.199021
-1.516669,0.01747333,-3.196967
-1.517006,0.01747333,-3.196832
-1.516333,0.01747333,-3.197102
-1.51607,0.01747333,-3.19502
-1.516398,0.01747333,-3.194856
-1.515743,0.01747333,-3.195184
-1.515472,0.01747333,-3.193073
-1.51579,0.01747333,-3.19288
-1.515153,0.01747333,-3.193265
-1.514873,0.01747333,-3.191125
-1.515183,0.01747333,-3.190904
-1.514563,0.01747333,-3.191346
-1.514274,0.01747333,-3.189178
-1.514575,0.01747333,-3.188928
-1.513973,0.01747333,-3.189428
-1.513675,0.01747333,-3.18723
-1.513968,0.01747333,-3.186952
-1.513383,0.01747333,-3.187509
-1.513077,0.01747333,-3.185283
-1.51336,0.01747333,-3.184975
-1.512793,0.01747333,-3.185591
-1.512478,0.01747333,-3.183336
-1.512752,0.01747333,-3.182999
-1.512203,0.01747333,-3.183672
-1.511879,0.01747333,-3.181388
-1.512145,0.01747333,-3.181023
-1.511613,0.01747333,-3.181754
-1.51128,0.01747333,-3.179441
-1.511537,0.01747333,-3.179047
-1.511023,0.01747333,-3.179835
-1.510681,0.01747333,-3.177494
-1.510929,0.01747333,-3.177071
-1.510433,0.01747333,-3.177916
-1.510083,0.01747333,-3.175546
-1.510322,0.01747333,-3.175095
-1.508346,0.01747333,-3.175703
-1.509843,0.01747333,-3.175998
-1.508135,0.01747333,-3.176145
-1.506369,0.01747333,-3.17631
-1.506188,0.01747333,-3.176744
-1.504393,0.01747333,-3.176918
-1.507925,0.01747333,-3.176588
-1.509604,0.01747333,-3.176449
-1.510185,0.01747333,-3.178339
-1.504241,0.01747333,-3.177343
-1.502417,0.01747333,-3.177525
-1.506006,0.01747333,-3.177178
-1.507715,0.01747333,-3.17703
-1.502293,0.01747333,-3.177942
-1.500441,0.01747333,-3.178133
-1.504088,0.01747333,-3.177768
-1.500346,0.01747333,-3.17854
-1.498465,0.01747333,-3.178741
-1.510767,0.01747333,-3.180229
-1.509365,0.01747333,-3.176901
-1.509937,0.01747333,-3.178762
-1.507504,0.01747333,-3.177473
-1.51051,0.01747333,-3.180623
-1.511348,0.01747333,-3.182119
-1.511082,0.01747333,-3.182484
-1.505825,0.01747333,-3.177612
-1.505643,0.01747333,-3.178045
-1.511929,0.01747333,-3.184009
-1.511654,0.01747333,-3.184345
-1.503935,0.01747333,-3.178193
-1.503782,0.01747333,-3.178617
-1.51251,0.01747333,-3.185898
-1.512226,0.01747333,-3.186206
-1.513091,0.01747333,-3.187788
-1.512799,0.01747333,-3.188067
-1.513672,0.01747333,-3.189678
-1.513371,0.01747333,-3.189928
-1.514253,0.01747333,-3.191568
-1.513943,0.01747333,-3.191789
-1.514834,0.01747333,-3.193457
-1.514515,0.01747333,-3.19365
-1.515415,0.01747333,-3.195347
-1.515088,0.01747333,-3.195511
-1.515996,0.01747333,-3.197237
-1.51566,0.01747333,-3.197372
-1.516577,0.01747333,-3.199127
-1.516232,0.01747333,-3.199233
-1.517159,0.01747333,-3.201017
-1.516804,0.01747333,-3.201094
-1.51774,0.01747333,-3.202906
-1.517377,0.01747333,-3.202955
-1.518321,0.01747333,-3.204796
-1.517949,0.01747333,-3.204816
-1.518902,0.01747333,-3.206686
-1.518521,0.01747333,-3.206677
-1.519483,0.01747333,-3.208576
-1.519093,0.01747333,-3.208538
-1.520064,0.01747333,-3.210466
-1.519666,0.01747333,-3.210399
-1.520645,0.01747333,-3.212355
-1.520238,0.01747333,-3.21226
-1.521226,0.01747333,-3.214245
-1.52081,0.01747333,-3.214121
-1.521807,0.01747333,-3.216135
-1.521382,0.01747333,-3.215982
-1.522388,0.01747333,-3.218025
-1.521955,0.01747333,-3.217843
-1.522969,0.01747333,-3.219915
-1.522527,0.01747333,-3.219704
-1.523551,0.01747333,-3.221804
-1.523099,0.01747333,-3.221565
-1.523551,0.01747333,-3.221804
-1.521382,0.0174705,-3.222057
-1.521755,0.01746893,-3.222339
-1.522128,0.01746735,-3.222621
-1.519665,0.01746767,-3.222548
-1.519959,0.01746452,-3.222874
-1.517948,0.01746485,-3.22304
-1.518164,0.01746012,-3.223408
-1.519959,0.01746452,-3.222874
-1.516231,0.01746202,-3.223531
-1.51838,0.01745539,-3.223777
-1.516368,0.01745572,-3.223943
-1.47188,0.01591556,-3.188126
-1.471751,0.01669445,-3.187711
-1.47188,0.01669445,-3.188126
-1.471751,0.01591556,-3.187711
-1.47188,0.01513667,-3.188126
-1.472009,0.01513667,-3.18854
-1.472009,0.01591556,-3.18854
-1.47188,0.01669445,-3.188126
-1.472009,0.01435778,-3.18854
-1.472009,0.01669445,-3.18854
-1.47188,0.01747333,-3.188126
-1.472009,0.01747333,-3.18854
-1.471751,0.01747333,-3.187711
-1.471751,0.01669445,-3.187711
-1.471622,0.01747333,-3.187296
-1.471622,0.01669445,-3.187296
-1.471492,0.01747333,-3.186882
-1.471492,0.01669445,-3.186882
-1.471622,0.01591556,-3.187296
-1.471492,0.01591556,-3.186882
-1.471751,0.01513667,-3.187711
-1.471622,0.01513667,-3.187296
-1.471492,0.01513667,-3.186882
-1.47188,0.01435778,-3.188126
-1.472009,0.01357889,-3.18854
-1.471622,0.01435778,-3.187296
-1.471492,0.01435778,-3.186882
-1.471751,0.01435778,-3.187711
-1.47188,0.01357889,-3.188126
-1.472009,0.0128,-3.18854
-1.471622,0.01357889,-3.187296
-1.471492,0.01357889,-3.186882
-1.471751,0.01357889,-3.187711
-1.47188,0.0128,-3.188126
-1.472009,0.01202111,-3.18854
-1.471622,0.0128,-3.187296
-1.471492,0.0128,-3.186882
-1.471751,0.0128,-3.187711
-1.47188,0.01202111,-3.188126
-1.472009,0.01124222,-3.18854
-1.471622,0.01202111,-3.187296
-1.471492,0.01202111,-3.186882
-1.471751,0.01202111,-3.187711
-1.47188,0.01124222,-3.188126
-1.472009,0.01046334,-3.18854
-1.471622,0.01124222,-3.187296
-1.471492,0.01124222,-3.186882
-1.471751,0.01124222,-3.187711
-1.47188,0.01046334,-3.188126
-1.472009,0.009684447,-3.18854
-1.471622,0.01046334,-3.187296
-1.471492,0.01046334,-3.186882
-1.471751,0.01046334,-3.187711
-1.47188,0.009684447,-3.188126
-1.472009,0.008905558,-3.18854
-1.471622,0.009684447,-3.187296
-1.471492,0.009684447,-3.186882
-1.471751,0.009684447,-3.187711
-1.47188,0.008905558,-3.188126
-1.472009,0.00812667,-3.18854
-1.47188,0.00812667,-3.188126
-1.471751,0.008905558,-3.187711
-1.471751,0.00812667,-3.187711
-1.471622,0.008905558,-3.187296
-1.471492,0.008905558,-3.186882
-1.471622,0.00812667,-3.187296
-1.471492,0.00812667,-3.186882
-1.508534,0.01747333,-3.226402
-1.508414,0.01747333,-3.22604
-1.506502,0.01747333,-3.226638
-1.506619,0.01747333,-3.226995
-1.508654,0.01747333,-3.226763
-1.504591,0.01747333,-3.227236
-1.506735,0.01747333,-3.227353
-1.508773,0.01747333,-3.227124
-1.504703,0.01747333,-3.22759
-1.502679,0.01747333,-3.227834
-1.506851,0.01747333,-3.22771
-1.508893,0.01747333,-3.227486
-1.506968,0.01747333,-3.228068
-1.504816,0.01747333,-3.227943
-1.502788,0.01747333,-3.228184
-1.500767,0.01747333,-3.228432
-1.504929,0.01747333,-3.228296
-1.505042,0.01747333,-3.22865
-1.500873,0.01747333,-3.228777
-1.498906,0.01747333,-3.229004
-1.502898,0.01747333,-3.228533
-1.503007,0.01747333,-3.228882
-1.503117,0.01747333,-3.229232
-1.498983,0.01747333,-3.229359
-1.497045,0.01747333,-3.229577
-1.500979,0.01747333,-3.229123
-1.501085,0.01747333,-3.229468
-1.501192,0.01747333,-3.229813
-1.497093,0.01747333,-3.22994
-1.495184,0.01747333,-3.230149
-1.499061,0.01747333,-3.229713
-1.499138,0.01747333,-3.230067
-1.499215,0.01747333,-3.230421
-1.495204,0.01747333,-3.230521
-1.493323,0.01747333,-3.230721
-1.497142,0.01747333,-3.230303
-1.497191,0.01747333,-3.230666
-1.497239,0.01747333,-3.231029
-1.493314,0.01747333,-3.231102
-1.491462,0.01747333,-3.231293
-1.495224,0.01747333,-3.230893
-1.495243,0.01747333,-3.231265
-1.495263,0.01747333,-3.231636
-1.491424,0.01747333,-3.231683
-1.489601,0.01747333,-3.231866
-1.493305,0.01747333,-3.231483
-1.493296,0.01747333,-3.231863
-1.493287,0.01747333,-3.232244
-1.489534,0.01747333,-3.232264
-1.48774,0.01747333,-3.232438
-1.491386,0.01747333,-3.232073
-1.491349,0.01747333,-3.232462
-1.491311,0.01747333,-3.232852
-1.487645,0.01747333,-3.232845
-1.485879,0.01747333,-3.23301
-1.489468,0.01747333,-3.232662
-1.489401,0.01747333,-3.233061
-1.489335,0.01747333,-3.233459
-1.485755,0.01747333,-3.233426
-1.484018,0.01747333,-3.233582
-1.487549,0.01747333,-3.233253
-1.487454,0.01747333,-3.23366
-1.487359,0.01747333,-3.234067
-1.483865,0.01747333,-3.234007
-1.482157,0.01747333,-3.234155
-1.485631,0.01747333,-3.233842
-1.485507,0.01747333,-3.234258
-1.485383,0.01747333,-3.234675
-1.481975,0.01747333,-3.234588
-1.480296,0.01747333,-3.234727
-1.483712,0.01747333,-3.234432
-1.483559,0.01747333,-3.234857
-1.483407,0.01747333,-3.235282
-1.480085,0.01747333,-3.23517
-1.478435,0.01747333,-3.235299
-1.481794,0.01747333,-3.235022
-1.481612,0.01747333,-3.235456
-1.48143,0.01747333,-3.23589
-1.479875,0.01747334,-3.235612
-1.479665,0.01747333,-3.236055
-1.479454,0.01747333,-3.236497
-1.478196,0.01747333,-3.235751
-1.477956,0.01747334,-3.236202
-1.477717,0.01747333,-3.236654
-1.477478,0.01747333,-3.237105
-1.476871,0.01747333,-3.235129
-1.477118,0.01747333,-3.234706
-1.476263,0.01747333,-3.233153
-1.477615,0.01747333,-3.233861
-1.477862,0.01747333,-3.233438
-1.477366,0.01747334,-3.234284
-1.47652,0.01747333,-3.232759
-1.475655,0.01747333,-3.231177
-1.477033,0.01747333,-3.231971
-1.47729,0.01747333,-3.231577
-1.476777,0.01747334,-3.232365
-1.475921,0.01747333,-3.230812
-1.475048,0.01747333,-3.229201
-1.476452,0.01747333,-3.230081
-1.476718,0.01747333,-3.229716
-1.476187,0.01747334,-3.230446
-1.475322,0.01747333,-3.228864
-1.47444,0.01747333,-3.227225
-1.475871,0.01747333,-3.228191
-1.476146,0.01747333,-3.227855
-1.475597,0.01747334,-3.228528
-1.474723,0.01747333,-3.226917
-1.473832,0.01747333,-3.225248
-1.47529,0.01747333,-3.226302
-1.475573,0.01747333,-3.225994
-1.475007,0.01747334,-3.226609
-1.474125,0.01747333,-3.22497
-1.473225,0.01747333,-3.223272
-1.474709,0.01747333,-3.224412
-1.475001,0.01747333,-3.224133
-1.474417,0.01747334,-3.224691
-1.473526,0.01747333,-3.223022
-1.472617,0.01747333,-3.221296
-1.474128,0.01747333,-3.222522
-1.474429,0.01747333,-3.222272
-1.473827,0.01747334,-3.222772
-1.472927,0.01747333,-3.221075
-1.472009,0.01747333,-3.21932
-1.473547,0.01747333,-3.220632
-1.473857,0.01747333,-3.220411
-1.473237,0.01747334,-3.220854
-1.472328,0.01747333,-3.219127
-1.471402,0.01747333,-3.217344
-1.472966,0.01747333,-3.218743
-1.473284,0.01747333,-3.21855
-1.472647,0.01747334,-3.218935
-1.471729,0.01747333,-3.21718
-1.470794,0.01747333,-3.215368
-1.472385,0.01747333,-3.216853
-1.472712,0.01747333,-3.216689
-1.472057,0.01747334,-3.217016
-1.471131,0.01747333,-3.215233
-1.470186,0.01747333,-3.213392
-1.471804,0.01747333,-3.214963
-1.47214,0.01747333,-3.214828
-1.471467,0.01747334,-3.215098
-1.470532,0.01747333,-3.213285
-1.469579,0.01747333,-3.211416
-1.471222,0.01747333,-3.213073
-1.471568,0.01747333,-3.212967
-1.470877,0.01747334,-3.213179
-1.469933,0.01747333,-3.211338
-1.468971,0.01747333,-3.20944
-1.470641,0.01747333,-3.211183
-1.470996,0.01747333,-3.211106
-1.470287,0.01747334,-3.211261
-1.469334,0.01747333,-3.209391
-1.468364,0.01747333,-3.207463
-1.47006,0.01747333,-3.209294
-1.470423,0.01747333,-3.209245
-1.469697,0.01747334,-3.209342
-1.468735,0.01747333,-3.207443
-1.467756,0.01747333,-3.205487
-1.469479,0.01747333,-3.207404
-1.469851,0.01747333,-3.207384
-1.469107,0.01747334,-3.207424
-1.468137,0.01747333,-3.205496
-1.467148,0.01747333,-3.203511
-1.468898,0.01747333,-3.205514
-1.469279,0.01747333,-3.205523
-1.468517,0.01747334,-3.205505
-1.467538,0.01747333,-3.203549
-1.466541,0.01747333,-3.201535
-1.468317,0.01747333,-3.203624
-1.468706,0.01747333,-3.203662
-1.467927,0.01747334,-3.203587
-1.466939,0.01747333,-3.201602
-1.465933,0.01747333,-3.199559
-1.467736,0.01747333,-3.201734
-1.468134,0.01747333,-3.201801
-1.467337,0.01747334,-3.201668
-1.46634,0.01747333,-3.199654
-1.465325,0.01747333,-3.197583
-1.467155,0.01747333,-3.199845
-1.467562,0.01747333,-3.19994
-1.466748,0.01747334,-3.199749
-1.465741,0.01747333,-3.197707
-1.464718,0.01747333,-3.195606
-1.466574,0.01747333,-3.197955
-1.46699,0.01747333,-3.198079
-1.466158,0.01747334,-3.197831
-1.465143,0.01747333,-3.195759
-1.46411,0.01747333,-3.19363
-1.465993,0.01747333,-3.196065
-1.466418,0.01747333,-3.196218
-1.465568,0.01747334,-3.195912
-1.464544,0.01747333,-3.193812
-1.463502,0.01747333,-3.191654
-1.465411,0.01747333,-3.194175
-1.465845,0.01747333,-3.194357
-1.464978,0.01747334,-3.193994
-1.463945,0.01747333,-3.191865
-1.462895,0.01747333,-3.189678
-1.46483,0.01747333,-3.192285
-1.465273,0.01747333,-3.192496
-1.464388,0.01747334,-3.192075
-1.463346,0.01747333,-3.189917
-1.464249,0.01747333,-3.190396
-1.464701,0.01747333,-3.190635
-1.466528,0.01747333,-3.190111
-1.463798,0.01747334,-3.190156
-1.466157,0.01747333,-3.189828
-1.468355,0.01747333,-3.189587
-1.465415,0.01747333,-3.189262
-1.465044,0.01747334,-3.188979
-1.465786,0.01747333,-3.189545
-1.468064,0.01747333,-3.189261
-1.470182,0.01747333,-3.189064
-1.467484,0.01747333,-3.188607
-1.467194,0.01747333,-3.18828
-1.467774,0.01747333,-3.188934
-1.469972,0.01747333,-3.188693
-1.472009,0.01747333,-3.18854
-1.47188,0.01747333,-3.188126
-1.469762,0.01747333,-3.188322
-1.471751,0.01747333,-3.187711
-1.469553,0.01747333,-3.187952
-1.469343,0.01747333,-3.187581
-1.471622,0.01747333,-3.187296
-1.471492,0.01747333,-3.186882
-1.516201,0.01668712,-3.223539
-1.516368,0.01745572,-3.223943
-1.516231,0.01746202,-3.223531
-1.516339,0.01668081,-3.223951
-1.516171,0.01591221,-3.223547
-1.516506,0.01744941,-3.224355
-1.516309,0.01590591,-3.223959
-1.516142,0.01513731,-3.223555
-1.516476,0.01667451,-3.224363
-1.516643,0.01744311,-3.224766
-1.516279,0.01513101,-3.223967
-1.516112,0.01436241,-3.223563
-1.516446,0.01589961,-3.224371
-1.516614,0.0166682,-3.224775
-1.516781,0.0174368,-3.225178
-1.516751,0.0166619,-3.225187
-1.516584,0.0158933,-3.224783
-1.516721,0.015887,-3.225194
-1.51625,0.01435611,-3.223975
-1.516083,0.01358751,-3.223572
-1.516417,0.0151247,-3.224379
-1.516554,0.0151184,-3.224791
-1.516692,0.01511209,-3.225203
-1.51622,0.01358121,-3.223983
-1.516053,0.01281261,-3.22358
-1.516387,0.0143498,-3.224387
-1.516525,0.0143435,-3.224799
-1.516662,0.01433719,-3.225211
-1.51619,0.0128063,-3.223991
-1.516023,0.0120377,-3.223588
-1.516358,0.0135749,-3.224395
-1.516495,0.0135686,-3.224807
-1.516633,0.01356229,-3.225219
-1.516161,0.0120314,-3.224
-1.515993,0.0112628,-3.223596
-1.516328,0.0128,-3.224403
-1.516465,0.01279369,-3.224815
-1.516603,0.01278739,-3.225227
-1.516131,0.0112565,-3.224008
-1.515964,0.0104879,-3.223604
-1.516298,0.0120251,-3.224411
-1.516436,0.01201879,-3.224823
-1.516573,0.01201249,-3.225235
-1.516101,0.0104816,-3.224016
-1.515934,0.009713,-3.223612
-1.516072,0.009706696,-3.224024
-1.515904,0.008938098,-3.22362
-1.516042,0.008931792,-3.224032
-1.516268,0.01125019,-3.224419
-1.516101,0.0104816,-3.224016
-1.516406,0.01124389,-3.224831
-1.516544,0.01123758,-3.225243
-1.516239,0.01047529,-3.224427
-1.516376,0.01046899,-3.224839
-1.516514,0.01046268,-3.225251
-1.516347,0.009694085,-3.224848
-1.516376,0.01046899,-3.224839
-1.516484,0.009687781,-3.225259
-1.516209,0.00970039,-3.224436
-1.516209,0.00970039,-3.224436
-1.516042,0.008931792,-3.224032
-1.516179,0.008925488,-3.224444
-1.516179,0.008925488,-3.224444
-1.516317,0.008919184,-3.224856
-1.516317,0.008919184,-3.224856
-1.516454,0.008912878,-3.225267
-1.516287,0.008144283,-3.224864
-1.516425,0.008137977,-3.225276
-1.51615,0.008150587,-3.224452
-1.516287,0.008144283,-3.224864
-1.516012,0.008156891,-3.22404
-1.51615,0.008150587,-3.224452
-1.477478,0.01669445,-3.237105
-1.479454,0.01747333,-3.236497
-1.477478,0.01747333,-3.237105
-1.479454,0.01669445,-3.236497
-1.477478,0.01591556,-3.237105
-1.48143,0.01747333,-3.23589
-1.479454,0.01591556,-3.236497
-1.477478,0.01513667,-3.237105
-1.48143,0.01669445,-3.23589
-1.483407,0.01747333,-3.235282
-1.479454,0.01513667,-3.236497
-1.477478,0.01435778,-3.237105
-1.48143,0.01591556,-3.23589
-1.483407,0.01669445,-3.235282
-1.485383,0.01747333,-3.234675
-1.479454,0.01435778,-3.236497
-1.477478,0.01357889,-3.237105
-1.48143,0.01513667,-3.23589
-1.485383,0.01669445,-3.234675
-1.487359,0.01747333,-3.234067
-1.483407,0.01591556,-3.235282
-1.479454,0.01357889,-3.236497
-1.477478,0.0128,-3.237105
-1.487359,0.01669444,-3.234067
-1.489335,0.01747333,-3.233459
-1.48143,0.01435778,-3.23589
-1.483407,0.01513667,-3.235282
-1.485383,0.01591556,-3.234675
-1.479454,0.0128,-3.236497
-1.477478,0.01202111,-3.237105
-1.489335,0.01669444,-3.233459
-1.491311,0.01747333,-3.232852
-1.48143,0.01357889,-3.23589
-1.483407,0.01435778,-3.235282
-1.485383,0.01513667,-3.234675
-1.487359,0.01591556,-3.234067
-1.479454,0.01202111,-3.236497
-1.477478,0.01124223,-3.237105
-1.491311,0.01669444,-3.232852
-1.493287,0.01747333,-3.232244
-1.48143,0.0128,-3.23589
-1.483407,0.01357889,-3.235282
-1.485383,0.01435778,-3.234675
-1.489335,0.01591556,-3.233459
-1.487359,0.01513667,-3.234067
-1.493287,0.01669444,-3.232244
-1.495263,0.01747333,-3.231636
-1.491311,0.01591556,-3.232852
-1.489335,0.01513667,-3.233459
-1.487359,0.01435778,-3.234067
-1.485383,0.01357889,-3.234675
-1.495263,0.01669444,-3.231636
-1.497239,0.01747333,-3.231029
-1.493287,0.01591556,-3.232244
-1.491311,0.01513667,-3.232852
-1.489335,0.01435778,-3.233459
-1.497239,0.01669444,-3.231029
-1.499215,0.01747333,-3.230421
-1.495263,0.01591556,-3.231636
-1.493287,0.01513667,-3.232244
-1.499215,0.01669444,-3.230421
-1.501192,0.01747333,-3.229813
-1.497239,0.01591555,-3.231029
-1.501192,0.01669444,-3.229813
-1.503117,0.01747333,-3.229232
-1.487359,0.01357889,-3.234067
-1.491311,0.01435778,-3.232852
-1.495263,0.01513667,-3.231636
-1.499215,0.01591555,-3.230421
-1.503117,0.01669444,-3.229232
-1.505042,0.01747333,-3.22865
-1.489335,0.01357889,-3.233459
-1.493287,0.01435778,-3.232244
-1.497239,0.01513667,-3.231029
-1.501192,0.01591555,-3.229813
-1.505042,0.01669444,-3.22865
-1.506968,0.01747333,-3.228068
-1.491311,0.01357889,-3.232852
-1.495263,0.01435778,-3.231636
-1.499215,0.01513666,-3.230421
-1.503117,0.01591555,-3.229232
-1.506968,0.01669444,-3.228068
-1.508893,0.01747333,-3.227486
-1.508893,0.01669444,-3.227486
-1.505042,0.01591555,-3.22865
-1.506968,0.01591555,-3.228068
-1.508893,0.01591555,-3.227486
-1.501192,0.01513666,-3.229813
-1.497239,0.01435778,-3.231029
-1.503117,0.01513666,-3.229232
-1.506968,0.01513666,-3.228068
-1.508893,0.01513666,-3.227486
-1.505042,0.01513666,-3.22865
-1.499215,0.01435778,-3.230421
-1.506968,0.01435778,-3.228068
-1.508893,0.01435778,-3.227486
-1.501192,0.01435778,-3.229813
-1.503117,0.01435778,-3.229232
-1.505042,0.01435778,-3.22865
-1.506968,0.01357889,-3.228068
-1.508893,0.01357889,-3.227486
-1.505042,0.01357889,-3.22865
-1.503117,0.01357889,-3.229232
-1.501192,0.01357889,-3.229813
-1.499215,0.01357889,-3.230421
-1.506968,0.0128,-3.228068
-1.508893,0.0128,-3.227486
-1.505042,0.0128,-3.22865
-1.503117,0.0128,-3.229232
-1.501192,0.0128,-3.229813
-1.506968,0.01202111,-3.228068
-1.508893,0.01202111,-3.227486
-1.505042,0.01202111,-3.22865
-1.503117,0.01202111,-3.229232
-1.506968,0.01124222,-3.228068
-1.508893,0.01124222,-3.227486
-1.505042,0.01124222,-3.22865
-1.506968,0.01046333,-3.228068
-1.508893,0.01046333,-3.227486
-1.499215,0.0128,-3.230421
-1.501192,0.01202111,-3.229813
-1.503117,0.01124222,-3.229232
-1.505042,0.01046333,-3.22865
-1.506968,0.009684444,-3.228068
-1.508893,0.009684445,-3.227486
-1.499215,0.01202111,-3.230421
-1.501192,0.01124222,-3.229813
-1.503117,0.01046333,-3.229232
-1.505042,0.009684445,-3.22865
-1.506968,0.008905556,-3.228068
-1.508893,0.008905556,-3.227486
-1.506968,0.008126668,-3.228068
-1.508893,0.008126667,-3.227486
-1.505042,0.008126668,-3.22865
-1.505042,0.008905557,-3.22865
-1.503117,0.008126668,-3.229232
-1.503117,0.008905557,-3.229232
-1.501192,0.008126669,-3.229813
-1.503117,0.009684445,-3.229232
-1.501192,0.008905557,-3.229813
-1.499215,0.008126669,-3.230421
-1.501192,0.009684445,-3.229813
-1.499215,0.008905558,-3.230421
-1.497239,0.008126669,-3.231029
-1.501192,0.01046333,-3.229813
-1.497239,0.008905558,-3.231029
-1.495263,0.008126669,-3.231636
-1.499215,0.009684445,-3.230421
-1.499215,0.01046333,-3.230421
-1.495263,0.008905558,-3.231636
-1.493287,0.008126669,-3.232244
-1.497239,0.009684446,-3.231029
-1.499215,0.01124222,-3.230421
-1.493287,0.008905558,-3.232244
-1.491311,0.008126669,-3.232852
-1.495263,0.009684446,-3.231636
-1.497239,0.01046333,-3.231029
-1.497239,0.01124222,-3.231029
-1.491311,0.008905558,-3.232852
-1.489335,0.00812667,-3.233459
-1.495263,0.01046334,-3.231636
-1.493287,0.009684446,-3.232244
-1.497239,0.01202111,-3.231029
-1.489335,0.00890556,-3.233459
-1.487359,0.00812667,-3.234067
-1.491311,0.009684446,-3.232852
-1.495263,0.01124222,-3.231636
-1.493287,0.01046334,-3.232244
-1.497239,0.0128,-3.231029
-1.487359,0.00890556,-3.234067
-1.485383,0.00812667,-3.234675
-1.489335,0.009684447,-3.233459
-1.491311,0.01046334,-3.232852
-1.493287,0.01124222,-3.232244
-1.495263,0.01202111,-3.231636
-1.497239,0.01357889,-3.231029
-1.495263,0.0128,-3.231636
-1.495263,0.01357889,-3.231636
-1.493287,0.01202111,-3.232244
-1.491311,0.01124222,-3.232852
-1.493287,0.0128,-3.232244
-1.493287,0.01357889,-3.232244
-1.491311,0.01202111,-3.232852
-1.491311,0.0128,-3.232852
-1.489335,0.01046334,-3.233459
-1.489335,0.0128,-3.233459
-1.489335,0.01124222,-3.233459
-1.489335,0.01202111,-3.233459
-1.487359,0.009684447,-3.234067
-1.487359,0.0128,-3.234067
-1.487359,0.01046334,-3.234067
-1.487359,0.01202111,-3.234067
-1.487359,0.01124222,-3.234067
-1.485383,0.008905558,-3.234675
-1.483407,0.00812667,-3.235282
-1.485383,0.0128,-3.234675
-1.485383,0.009684447,-3.234675
-1.483407,0.008905558,-3.235282
-1.48143,0.008126669,-3.23589
-1.485383,0.01046334,-3.234675
-1.485383,0.01124222,-3.234675
-1.485383,0.01202111,-3.234675
-1.483407,0.0128,-3.235282
-1.48143,0.008905558,-3.23589
-1.479454,0.008126672,-3.236497
-1.483407,0.01202111,-3.235282
-1.48143,0.01202111,-3.23589
-1.483407,0.01124222,-3.235282
-1.479454,0.01124223,-3.236497
-1.477478,0.01046334,-3.237105
-1.48143,0.01124222,-3.23589
-1.479454,0.01046334,-3.236497
-1.477478,0.009684449,-3.237105
-1.483407,0.01046334,-3.235282
-1.48143,0.01046334,-3.23589
-1.479454,0.009684449,-3.236497
-1.477478,0.00890556,-3.237105
-1.483407,0.009684447,-3.235282
-1.48143,0.009684447,-3.23589
-1.479454,0.00890556,-3.236497
-1.477478,0.008126672,-3.237105
-1.523099,0.008905553,-3.221565
-1.522527,0.008126666,-3.219704
-1.523099,0.008126666,-3.221565
-1.522527,0.008905553,-3.219704
-1.523099,0.009684443,-3.221565
-1.521955,0.008126666,-3.217843
-1.522527,0.009684443,-3.219704
-1.523099,0.01046333,-3.221565
-1.521955,0.008905553,-3.217843
-1.521382,0.008126666,-3.215982
-1.522527,0.01046333,-3.219704
-1.523099,0.01124222,-3.221565
-1.521955,0.009684443,-3.217843
-1.521382,0.008905553,-3.215982
-1.52081,0.008126666,-3.214121
-1.522527,0.01124222,-3.219704
-1.523099,0.01202111,-3.221565
-1.521955,0.01046333,-3.217843
-1.52081,0.008905553,-3.214121
-1.520238,0.008126666,-3.21226
-1.521382,0.009684443,-3.215982
-1.522527,0.01202111,-3.219704
-1.523099,0.0128,-3.221565
-1.520238,0.008905553,-3.21226
-1.519666,0.008126666,-3.210399
-1.521955,0.01124222,-3.217843
-1.521382,0.01046333,-3.215982
-1.52081,0.009684443,-3.214121
-1.522527,0.0128,-3.219704
-1.523099,0.01357889,-3.221565
-1.519666,0.008905553,-3.210399
-1.519093,0.008126666,-3.208538
-1.521955,0.01202111,-3.217843
-1.521382,0.01124222,-3.215982
-1.52081,0.01046333,-3.214121
-1.520238,0.009684443,-3.21226
-1.522527,0.01357889,-3.219704
-1.523099,0.01435777,-3.221565
-1.519093,0.008905553,-3.208538
-1.518521,0.008126666,-3.206677
-1.521955,0.0128,-3.217843
-1.521382,0.01202111,-3.215982
-1.52081,0.01124222,-3.214121
-1.519666,0.009684443,-3.210399
-1.520238,0.01046333,-3.21226
-1.518521,0.008905553,-3.206677
-1.517949,0.008126666,-3.204816
-1.519093,0.009684443,-3.208538
-1.519666,0.01046333,-3.210399
-1.520238,0.01124222,-3.21226
-1.52081,0.01202111,-3.214121
-1.517949,0.008905553,-3.204816
-1.517377,0.008126666,-3.202955
-1.518521,0.009684443,-3.206677
-1.519093,0.01046333,-3.208538
-1.519666,0.01124222,-3.210399
-1.517377,0.008905553,-3.202955
-1.516804,0.008126666,-3.201094
-1.517949,0.009684443,-3.204816
-1.518521,0.01046333,-3.206677
-1.516804,0.008905553,-3.201094
-1.516232,0.008126666,-3.199233
-1.517377,0.009684443,-3.202955
-1.516232,0.008905553,-3.199233
-1.51566,0.008126666,-3.197372
-1.520238,0.01202111,-3.21226
-1.519093,0.01124222,-3.208538
-1.517949,0.01046333,-3.204816
-1.516804,0.009684443,-3.201094
-1.51566,0.008905553,-3.197372
-1.515088,0.008126666,-3.195511
-1.519666,0.01202111,-3.210399
-1.518521,0.01124222,-3.206677
-1.517377,0.01046333,-3.202955
-1.516232,0.009684443,-3.199233
-1.515088,0.008905553,-3.195511
-1.514515,0.008126666,-3.19365
-1.519093,0.01202111,-3.208538
-1.517949,0.01124222,-3.204816
-1.516804,0.01046333,-3.201094
-1.51566,0.009684443,-3.197372
-1.514515,0.008905553,-3.19365
-1.513943,0.008126666,-3.191789
-1.518521,0.01202111,-3.206677
-1.517377,0.01124222,-3.202955
-1.516232,0.01046333,-3.199233
-1.515088,0.009684443,-3.195511
-1.513943,0.008905553,-3.191789
-1.513371,0.008126666,-3.189928
-1.517949,0.01202111,-3.204816
-1.516804,0.01124222,-3.201094
-1.51566,0.01046333,-3.197372
-1.514515,0.009684443,-3.19365
-1.513371,0.008905553,-3.189928
-1.512799,0.008126666,-3.188067
-1.517377,0.01202111,-3.202955
-1.516232,0.01124222,-3.199233
-1.515088,0.01046333,-3.195511
-1.513943,0.009684443,-3.191789
-1.512799,0.008905553,-3.188067
-1.512226,0.008126666,-3.186206
-1.516804,0.01202111,-3.201094
-1.51566,0.01124222,-3.197372
-1.514515,0.01046333,-3.19365
-1.513371,0.009684443,-3.189928
-1.512226,0.008905553,-3.186206
-1.511654,0.008126666,-3.184345
-1.516232,0.01202111,-3.199233
-1.515088,0.01124222,-3.195511
-1.513943,0.01046333,-3.191789
-1.512799,0.009684443,-3.188067
-1.511654,0.008905553,-3.184345
-1.511082,0.008126666,-3.182484
-1.51566,0.01202111,-3.197372
-1.514515,0.01124222,-3.19365
-1.513371,0.01046333,-3.189928
-1.512226,0.009684443,-3.186206
-1.511082,0.008905553,-3.182484
-1.51051,0.008126666,-3.180623
-1.515088,0.01202111,-3.195511
-1.513943,0.01124222,-3.191789
-1.512799,0.01046333,-3.188067
-1.511654,0.009684443,-3.184345
-1.51051,0.008905553,-3.180623
-1.509937,0.008126666,-3.178762
-1.514515,0.01202111,-3.19365
-1.513371,0.01124222,-3.189928
-1.512226,0.01046333,-3.186206
-1.511082,0.009684443,-3.182484
-1.509937,0.008905553,-3.178762
-1.509365,0.008126666,-3.176901
-1.509365,0.008905553,-3.176901
-1.51051,0.009684443,-3.180623
-1.509937,0.009684443,-3.178762
-1.509365,0.009684443,-3.176901
-1.511654,0.01046333,-3.184345
-1.512799,0.01124222,-3.188067
-1.511082,0.01046333,-3.182484
-1.509937,0.01046333,-3.178762
-1.509365,0.01046333,-3.176901
-1.51051,0.01046333,-3.180623
-1.512226,0.01124222,-3.186206
-1.509937,0.01124222,-3.178762
-1.509365,0.01124222,-3.176901
-1.511654,0.01124222,-3.184345
-1.511082,0.01124222,-3.182484
-1.51051,0.01124222,-3.180623
-1.509937,0.01202111,-3.178762
-1.509365,0.01202111,-3.176901
-1.51051,0.01202111,-3.180623
-1.511082,0.01202111,-3.182484
-1.511654,0.01202111,-3.184345
-1.512226,0.01202111,-3.186206
-1.509937,0.0128,-3.178762
-1.509365,0.0128,-3.176901
-1.51051,0.0128,-3.180623
-1.511082,0.0128,-3.182484
-1.511654,0.0128,-3.184345
-1.509937,0.01357889,-3.178762
-1.509365,0.01357889,-3.176901
-1.51051,0.01357889,-3.180623
-1.511082,0.01357889,-3.182484
-1.509937,0.01435777,-3.178762
-1.509365,0.01435777,-3.176901
-1.51051,0.01435777,-3.180623
-1.509937,0.01513666,-3.178762
-1.509365,0.01513666,-3.176901
-1.512226,0.0128,-3.186206
-1.511654,0.01357889,-3.184345
-1.511082,0.01435777,-3.182484
-1.51051,0.01513666,-3.180623
-1.509937,0.01591555,-3.178762
-1.509365,0.01591555,-3.176901
-1.512226,0.01357889,-3.186206
-1.511654,0.01435777,-3.184345
-1.511082,0.01513666,-3.182484
-1.51051,0.01591555,-3.180623
-1.509937,0.01669444,-3.178762
-1.509365,0.01669444,-3.176901
-1.509937,0.01747333,-3.178762
-1.509365,0.01747333,-3.176901
-1.51051,0.01747333,-3.180623
-1.51051,0.01669444,-3.180623
-1.511082,0.01747333,-3.182484
-1.511082,0.01669444,-3.182484
-1.511654,0.01747333,-3.184345
-1.511082,0.01591555,-3.182484
-1.511654,0.01669444,-3.184345
-1.512226,0.01747333,-3.186206
-1.511654,0.01591555,-3.184345
-1.512226,0.01669444,-3.186206
-1.512799,0.01747333,-3.188067
-1.511654,0.01513666,-3.184345
-1.512799,0.01669444,-3.188067
-1.513371,0.01747333,-3.189928
-1.512226,0.01591555,-3.186206
-1.512226,0.01513666,-3.186206
-1.513371,0.01669444,-3.189928
-1.513943,0.01747333,-3.191789
-1.512799,0.01591555,-3.188067
-1.512226,0.01435777,-3.186206
-1.513943,0.01669444,-3.191789
-1.514515,0.01747333,-3.19365
-1.513371,0.01591555,-3.189928
-1.512799,0.01513666,-3.188067
-1.512799,0.01435777,-3.188067
-1.514515,0.01669444,-3.19365
-1.515088,0.01747333,-3.195511
-1.513371,0.01513666,-3.189928
-1.513943,0.01591555,-3.191789
-1.512799,0.01357889,-3.188067
-1.515088,0.01669444,-3.195511
-1.51566,0.01747333,-3.197372
-1.514515,0.01591555,-3.19365
-1.513371,0.01435777,-3.189928
-1.513943,0.01513666,-3.191789
-1.512799,0.0128,-3.188067
-1.51566,0.01669444,-3.197372
-1.516232,0.01747333,-3.199233
-1.515088,0.01591555,-3.195511
-1.514515,0.01513666,-3.19365
-1.513943,0.01435777,-3.191789
-1.513371,0.01357889,-3.189928
-1.512799,0.01202111,-3.188067
-1.513371,0.0128,-3.189928
-1.513371,0.01202111,-3.189928
-1.513943,0.01357889,-3.191789
-1.514515,0.01435777,-3.19365
-1.513943,0.0128,-3.191789
-1.513943,0.01202111,-3.191789
-1.514515,0.01357889,-3.19365
-1.514515,0.0128,-3.19365
-1.515088,0.01513666,-3.195511
-1.515088,0.0128,-3.195511
-1.515088,0.01435777,-3.195511
-1.515088,0.01357889,-3.195511
-1.51566,0.01591555,-3.197372
-1.51566,0.0128,-3.197372
-1.51566,0.01513666,-3.197372
-1.51566,0.01357889,-3.197372
-1.51566,0.01435777,-3.197372
-1.516232,0.01669444,-3.199233
-1.516804,0.01747333,-3.201094
-1.516232,0.0128,-3.199233
-1.516232,0.01591555,-3.199233
-1.516804,0.01669444,-3.201094
-1.517377,0.01747333,-3.202955
-1.516232,0.01513666,-3.199233
-1.516232,0.01435777,-3.199233
-1.516232,0.01357889,-3.199233
-1.516804,0.0128,-3.201094
-1.517377,0.01669444,-3.202955
-1.517949,0.01747333,-3.204816
-1.516804,0.01591555,-3.201094
-1.516804,0.01513666,-3.201094
-1.516804,0.01357889,-3.201094
-1.516804,0.01435777,-3.201094
-1.517377,0.0128,-3.202955
-1.517377,0.01591555,-3.202955
-1.517377,0.01513666,-3.202955
-1.517377,0.01435777,-3.202955
-1.517377,0.01357889,-3.202955
-1.517949,0.0128,-3.204816
-1.517949,0.01669444,-3.204816
-1.518521,0.01747333,-3.206677
-1.517949,0.01591555,-3.204816
-1.518521,0.01669444,-3.206677
-1.519093,0.01747333,-3.208538
-1.517949,0.01513666,-3.204816
-1.517949,0.01357889,-3.204816
-1.517949,0.01435777,-3.204816
-1.519093,0.01669444,-3.208538
-1.519666,0.01747333,-3.210399
-1.518521,0.01591555,-3.206677
-1.518521,0.01513666,-3.206677
-1.518521,0.01435777,-3.206677
-1.518521,0.01357889,-3.206677
-1.519666,0.01669444,-3.210399
-1.520238,0.01747333,-3.21226
-1.519093,0.01591555,-3.208538
-1.519093,0.01513666,-3.208538
-1.520238,0.01669444,-3.21226
-1.52081,0.01747333,-3.214121
-1.519666,0.01591555,-3.210399
-1.519093,0.01435777,-3.208538
-1.518521,0.0128,-3.206677
-1.52081,0.01669444,-3.214121
-1.521382,0.01747333,-3.215982
-1.520238,0.01591555,-3.21226
-1.519666,0.01513666,-3.210399
-1.519093,0.01357889,-3.208538
-1.519093,0.0128,-3.208538
-1.521382,0.01669444,-3.215982
-1.521955,0.01747333,-3.217843
-1.52081,0.01591555,-3.214121
-1.520238,0.01513666,-3.21226
-1.519666,0.01435777,-3.210399
-1.519666,0.01357889,-3.210399
-1.519666,0.0128,-3.210399
-1.521955,0.01669444,-3.217843
-1.522527,0.01747333,-3.219704
-1.521382,0.01591555,-3.215982
-1.520238,0.01435777,-3.21226
-1.52081,0.01513666,-3.214121
-1.520238,0.01357889,-3.21226
-1.520238,0.0128,-3.21226
-1.522527,0.01669444,-3.219704
-1.523099,0.01747333,-3.221565
-1.523099,0.01669444,-3.221565
-1.521955,0.01591555,-3.217843
-1.522527,0.01591555,-3.219704
-1.523099,0.01591555,-3.221565
-1.52081,0.01435777,-3.214121
-1.521382,0.01513666,-3.215982
-1.521955,0.01513666,-3.217843
-1.522527,0.01513666,-3.219704
-1.523099,0.01513666,-3.221565
-1.52081,0.01357889,-3.214121
-1.521382,0.01435777,-3.215982
-1.521955,0.01435777,-3.217843
-1.522527,0.01435777,-3.219704
-1.521955,0.01357889,-3.217843
-1.521382,0.01357889,-3.215982
-1.52081,0.0128,-3.214121
-1.521382,0.0128,-3.215982
-1.524905,0.01669444,-3.222522
-1.524297,0.01747333,-3.220546
-1.524905,0.01747333,-3.222522
-1.524297,0.01669444,-3.220546
-1.524905,0.01591555,-3.222522
-1.52369,0.01747333,-3.21857
-1.524297,0.01591555,-3.220546
-1.524905,0.01513666,-3.222522
-1.52369,0.01669444,-3.21857
-1.523082,0.01747333,-3.216594
-1.524297,0.01513666,-3.220546
-1.524905,0.01435777,-3.222522
-1.52369,0.01591555,-3.21857
-1.523082,0.01669444,-3.216594
-1.522475,0.01747333,-3.214617
-1.524297,0.01435777,-3.220546
-1.524905,0.01357889,-3.222522
-1.52369,0.01513666,-3.21857
-1.522475,0.01669444,-3.214617
-1.521867,0.01747333,-3.212641
-1.523082,0.01591555,-3.216594
-1.524297,0.01357889,-3.220546
-1.524905,0.0128,-3.222522
-1.521867,0.01669444,-3.212641
-1.521259,0.01747333,-3.210665
-1.52369,0.01435777,-3.21857
-1.523082,0.01513666,-3.216594
-1.522475,0.01591555,-3.214617
-1.524297,0.0128,-3.220546
-1.524905,0.01202111,-3.222522
-1.521259,0.01669444,-3.210665
-1.520652,0.01747333,-3.208689
-1.52369,0.01357889,-3.21857
-1.523082,0.01435777,-3.216594
-1.522475,0.01513666,-3.214617
-1.521867,0.01591555,-3.212641
-1.524297,0.01202111,-3.220546
-1.524905,0.01124222,-3.222522
-1.520652,0.01669444,-3.208689
-1.520044,0.01747333,-3.206713
-1.52369,0.0128,-3.21857
-1.523082,0.01357889,-3.216594
-1.522475,0.01435777,-3.214617
-1.521259,0.01591555,-3.210665
-1.521867,0.01513666,-3.212641
-1.520044,0.01669444,-3.206713
-1.519436,0.01747333,-3.204737
-1.520652,0.01591555,-3.208689
-1.521259,0.01513666,-3.210665
-1.521867,0.01435777,-3.212641
-1.522475,0.01357889,-3.214617
-1.519436,0.01669444,-3.204737
-1.518829,0.01747333,-3.20276
-1.520044,0.01591555,-3.206713
-1.520652,0.01513666,-3.208689
-1.521259,0.01435777,-3.210665
-1.518829,0.01669444,-3.20276
-1.518221,0.01747333,-3.200784
-1.519436,0.01591555,-3.204737
-1.520044,0.01513666,-3.206713
-1.518221,0.01669444,-3.200784
-1.517613,0.01747333,-3.198808
-1.518829,0.01591555,-3.20276
-1.517613,0.01669444,-3.198808
-1.517006,0.01747333,-3.196832
-1.521867,0.01357889,-3.212641
-1.520652,0.01435777,-3.208689
-1.519436,0.01513666,-3.204737
-1.518221,0.01591555,-3.200784
-1.517006,0.01669444,-3.196832
-1.516398,0.01747333,-3.194856
-1.521259,0.01357889,-3.210665
-1.520044,0.01435777,-3.206713
-1.518829,0.01513666,-3.20276
-1.517613,0.01591555,-3.198808
-1.516398,0.01669444,-3.194856
-1.51579,0.01747333,-3.19288
-1.520652,0.01357889,-3.208689
-1.519436,0.01435777,-3.204737
-1.518221,0.01513666,-3.200784
-1.517006,0.01591555,-3.196832
-1.51579,0.01669444,-3.19288
-1.515183,0.01747333,-3.190904
-1.520044,0.01357889,-3.206713
-1.518829,0.01435777,-3.20276
-1.517613,0.01513666,-3.198808
-1.516398,0.01591555,-3.194856
-1.515183,0.01669444,-3.190904
-1.514575,0.01747333,-3.188928
-1.519436,0.01357889,-3.204737
-1.518221,0.01435777,-3.200784
-1.517006,0.01513666,-3.196832
-1.51579,0.01591555,-3.19288
-1.514575,0.01669444,-3.188928
-1.513968,0.01747333,-3.186952
-1.518829,0.01357889,-3.20276
-1.517613,0.01435777,-3.198808
-1.516398,0.01513666,-3.194856
-1.515183,0.01591555,-3.190904
-1.513968,0.01669444,-3.186952
-1.51336,0.01747333,-3.184975
-1.518221,0.01357889,-3.200784
-1.517006,0.01435777,-3.196832
-1.51579,0.01513666,-3.19288
-1.514575,0.01591555,-3.188928
-1.51336,0.01669444,-3.184975
-1.512752,0.01747333,-3.182999
-1.517613,0.01357889,-3.198808
-1.516398,0.01435777,-3.194856
-1.515183,0.01513666,-3.190904
-1.513968,0.01591555,-3.186952
-1.512752,0.01669444,-3.182999
-1.512145,0.01747333,-3.181023
-1.517006,0.01357889,-3.196832
-1.51579,0.01435777,-3.19288
-1.514575,0.01513666,-3.188928
-1.51336,0.01591555,-3.184975
-1.512145,0.01669444,-3.181023
-1.511537,0.01747333,-3.179047
-1.516398,0.01357889,-3.194856
-1.515183,0.01435777,-3.190904
-1.513968,0.01513666,-3.186952
-1.512752,0.01591555,-3.182999
-1.511537,0.01669444,-3.179047
-1.510929,0.01747333,-3.177071
-1.51579,0.01357889,-3.19288
-1.514575,0.01435777,-3.188928
-1.51336,0.01513666,-3.184975
-1.512145,0.01591555,-3.181023
-1.510929,0.01669444,-3.177071
-1.510322,0.01747333,-3.175095
-1.510322,0.01669444,-3.175095
-1.511537,0.01591555,-3.179047
-1.510929,0.01591555,-3.177071
-1.510322,0.01591555,-3.175095
-1.512752,0.01513666,-3.182999
-1.513968,0.01435777,-3.186952
-1.512145,0.01513666,-3.181023
-1.510929,0.01513666,-3.177071
-1.510322,0.01513666,-3.175095
-1.511537,0.01513666,-3.179047
-1.51336,0.01435777,-3.184975
-1.510929,0.01435777,-3.177071
-1.510322,0.01435777,-3.175095
-1.512752,0.01435777,-3.182999
-1.512145,0.01435777,-3.181023
-1.511537,0.01435777,-3.179047
-1.510929,0.01357889,-3.177071
-1.510322,0.01357889,-3.175095
-1.511537,0.01357889,-3.179047
-1.512145,0.01357889,-3.181023
-1.512752,0.01357889,-3.182999
-1.51336,0.01357889,-3.184975
-1.510929,0.0128,-3.177071
-1.510322,0.0128,-3.175095
-1.511537,0.0128,-3.179047
-1.512145,0.0128,-3.181023
-1.512752,0.0128,-3.182999
-1.510929,0.01202111,-3.177071
-1.510322,0.01202111,-3.175095
-1.511537,0.01202111,-3.179047
-1.512145,0.01202111,-3.181023
-1.510929,0.01124222,-3.177071
-1.510322,0.01124222,-3.175095
-1.511537,0.01124222,-3.179047
-1.510929,0.01046333,-3.177071
-1.510322,0.01046333,-3.175095
-1.51336,0.0128,-3.184975
-1.512752,0.01202111,-3.182999
-1.512145,0.01124222,-3.181023
-1.511537,0.01046333,-3.179047
-1.510929,0.009684443,-3.177071
-1.510322,0.009684443,-3.175095
-1.51336,0.01202111,-3.184975
-1.512752,0.01124222,-3.182999
-1.512145,0.01046333,-3.181023
-1.511537,0.009684443,-3.179047
-1.510929,0.008905553,-3.177071
-1.510322,0.008905553,-3.175095
-1.510929,0.008126666,-3.177071
-1.510322,0.008126666,-3.175095
-1.511537,0.008126666,-3.179047
-1.511537,0.008905553,-3.179047
-1.512145,0.008126666,-3.181023
-1.512145,0.008905553,-3.181023
-1.512752,0.008126666,-3.182999
-1.512145,0.009684443,-3.181023
-1.512752,0.008905553,-3.182999
-1.51336,0.008126666,-3.184975
-1.512752,0.009684443,-3.182999
-1.51336,0.008905553,-3.184975
-1.513968,0.008126666,-3.186952
-1.512752,0.01046333,-3.182999
-1.513968,0.008905553,-3.186952
-1.514575,0.008126666,-3.188928
-1.51336,0.009684443,-3.184975
-1.51336,0.01046333,-3.184975
-1.514575,0.008905553,-3.188928
-1.515183,0.008126666,-3.190904
-1.513968,0.009684443,-3.186952
-1.51336,0.01124222,-3.184975
-1.515183,0.008905553,-3.190904
-1.51579,0.008126666,-3.19288
-1.514575,0.009684443,-3.188928
-1.513968,0.01046333,-3.186952
-1.513968,0.01124222,-3.186952
-1.51579,0.008905553,-3.19288
-1.516398,0.008126666,-3.194856
-1.514575,0.01046333,-3.188928
-1.515183,0.009684443,-3.190904
-1.513968,0.01202111,-3.186952
-1.516398,0.008905553,-3.194856
-1.517006,0.008126666,-3.196832
-1.51579,0.009684443,-3.19288
-1.514575,0.01124222,-3.188928
-1.515183,0.01046333,-3.190904
-1.513968,0.0128,-3.186952
-1.517006,0.008905553,-3.196832
-1.517613,0.008126666,-3.198808
-1.516398,0.009684443,-3.194856
-1.51579,0.01046333,-3.19288
-1.515183,0.01124222,-3.190904
-1.514575,0.01202111,-3.188928
-1.513968,0.01357889,-3.186952
-1.514575,0.0128,-3.188928
-1.514575,0.01357889,-3.188928
-1.515183,0.01202111,-3.190904
-1.51579,0.01124222,-3.19288
-1.515183,0.0128,-3.190904
-1.515183,0.01357889,-3.190904
-1.51579,0.01202111,-3.19288
-1.51579,0.0128,-3.19288
-1.516398,0.01046333,-3.194856
-1.516398,0.0128,-3.194856
-1.516398,0.01124222,-3.194856
-1.516398,0.01202111,-3.194856
-1.517006,0.009684443,-3.196832
-1.517006,0.0128,-3.196832
-1.517006,0.01046333,-3.196832
-1.517006,0.01202111,-3.196832
-1.517006,0.01124222,-3.196832
-1.517613,0.008905553,-3.198808
-1.518221,0.008126666,-3.200784
-1.517613,0.0128,-3.198808
-1.517613,0.009684443,-3.198808
-1.518221,0.008905553,-3.200784
-1.518829,0.008126666,-3.20276
-1.517613,0.01046333,-3.198808
-1.517613,0.01124222,-3.198808
-1.517613,0.01202111,-3.198808
-1.518221,0.0128,-3.200784
-1.518829,0.008905553,-3.20276
-1.519436,0.008126666,-3.204737
-1.518221,0.009684443,-3.200784
-1.518221,0.01046333,-3.200784
-1.518221,0.01202111,-3.200784
-1.518221,0.01124222,-3.200784
-1.518829,0.0128,-3.20276
-1.518829,0.009684443,-3.20276
-1.518829,0.01046333,-3.20276
-1.518829,0.01124222,-3.20276
-1.518829,0.01202111,-3.20276
-1.519436,0.0128,-3.204737
-1.519436,0.008905553,-3.204737
-1.520044,0.008126666,-3.206713
-1.519436,0.009684443,-3.204737
-1.520044,0.008905553,-3.206713
-1.520652,0.008126666,-3.208689
-1.519436,0.01046333,-3.204737
-1.519436,0.01202111,-3.204737
-1.519436,0.01124222,-3.204737
-1.520652,0.008905553,-3.208689
-1.521259,0.008126666,-3.210665
-1.520044,0.009684443,-3.206713
-1.520044,0.01046333,-3.206713
-1.520044,0.01124222,-3.206713
-1.520044,0.01202111,-3.206713
-1.521259,0.008905553,-3.210665
-1.521867,0.008126666,-3.212641
-1.520652,0.009684443,-3.208689
-1.520652,0.01046333,-3.208689
-1.521867,0.008905553,-3.212641
-1.522475,0.008126666,-3.214617
-1.521259,0.009684443,-3.210665
-1.520652,0.01124222,-3.208689
-1.520044,0.0128,-3.206713
-1.522475,0.008905553,-3.214617
-1.523082,0.008126666,-3.216594
-1.521867,0.009684443,-3.212641
-1.521259,0.01046333,-3.210665
-1.520652,0.01202111,-3.208689
-1.520652,0.0128,-3.208689
-1.523082,0.008905553,-3.216594
-1.52369,0.008126666,-3.21857
-1.522475,0.009684443,-3.214617
-1.521867,0.01046333,-3.212641
-1.521259,0.01124222,-3.210665
-1.521259,0.01202111,-3.210665
-1.521259,0.0128,-3.210665
-1.52369,0.008905553,-3.21857
-1.524297,0.008126666,-3.220546
-1.523082,0.009684443,-3.216594
-1.521867,0.01124222,-3.212641
-1.522475,0.01046333,-3.214617
-1.521867,0.01202111,-3.212641
-1.521867,0.0128,-3.212641
-1.524297,0.008905553,-3.220546
-1.524905,0.008126666,-3.222522
-1.524905,0.008905553,-3.222522
-1.52369,0.009684443,-3.21857
-1.524297,0.009684443,-3.220546
-1.524905,0.009684443,-3.222522
-1.522475,0.01124222,-3.214617
-1.523082,0.01046333,-3.216594
-1.52369,0.01046333,-3.21857
-1.524297,0.01046333,-3.220546
-1.524905,0.01046333,-3.222522
-1.522475,0.01202111,-3.214617
-1.523082,0.01124222,-3.216594
-1.52369,0.01124222,-3.21857
-1.524297,0.01124222,-3.220546
-1.52369,0.01202111,-3.21857
-1.523082,0.01202111,-3.216594
-1.522475,0.0128,-3.214617
-1.523082,0.0128,-3.216594
-1.509365,0.01669444,-3.176901
-1.509365,0.01747333,-3.176901
-1.507504,0.01747333,-3.177473
-1.507504,0.01669444,-3.177473
-1.509365,0.01591555,-3.176901
-1.505643,0.01747333,-3.178045
-1.507504,0.01591555,-3.177473
-1.509365,0.01513666,-3.176901
-1.505643,0.01669444,-3.178045
-1.503782,0.01747333,-3.178617
-1.507504,0.01513666,-3.177473
-1.509365,0.01435777,-3.176901
-1.505643,0.01591555,-3.178045
-1.503782,0.01669444,-3.178617
-1.501921,0.01747333,-3.17919
-1.507504,0.01435777,-3.177473
-1.509365,0.01357889,-3.176901
-1.505643,0.01513666,-3.178045
-1.501921,0.01669444,-3.17919
-1.50006,0.01747333,-3.179762
-1.503782,0.01591555,-3.178617
-1.507504,0.01357889,-3.177473
-1.509365,0.0128,-3.176901
-1.50006,0.01669444,-3.179762
-1.498199,0.01747333,-3.180334
-1.505643,0.01435777,-3.178045
-1.503782,0.01513666,-3.178617
-1.501921,0.01591555,-3.17919
-1.507504,0.0128,-3.177473
-1.509365,0.01202111,-3.176901
-1.498199,0.01669444,-3.180334
-1.496338,0.01747333,-3.180907
-1.505643,0.01357889,-3.178045
-1.503782,0.01435777,-3.178617
-1.501921,0.01513666,-3.17919
-1.50006,0.01591555,-3.179762
-1.507504,0.01202111,-3.177473
-1.509365,0.01124222,-3.176901
-1.496338,0.01669444,-3.180907
-1.494477,0.01747333,-3.181479
-1.505643,0.0128,-3.178045
-1.503782,0.01357889,-3.178617
-1.501921,0.01435777,-3.17919
-1.50006,0.01513666,-3.179762
-1.498199,0.01591555,-3.180334
-1.494477,0.01669444,-3.181479
-1.492616,0.01747333,-3.182051
-1.496338,0.01591555,-3.180907
-1.498199,0.01513666,-3.180334
-1.50006,0.01435777,-3.179762
-1.501921,0.01357889,-3.17919
-1.492616,0.01669444,-3.182051
-1.490755,0.01747333,-3.182623
-1.494477,0.01591555,-3.181479
-1.496338,0.01513666,-3.180907
-1.498199,0.01435777,-3.180334
-1.490755,0.01669444,-3.182623
-1.488894,0.01747333,-3.183196
-1.492616,0.01591555,-3.182051
-1.494477,0.01513666,-3.181479
-1.488894,0.01669444,-3.183196
-1.487033,0.01747333,-3.183768
-1.490755,0.01591555,-3.182623
-1.487033,0.01669444,-3.183768
-1.485554,0.01747333,-3.184233
-1.50006,0.01357889,-3.179762
-1.496338,0.01435778,-3.180907
-1.492616,0.01513666,-3.182051
-1.488894,0.01591555,-3.183196
-1.485554,0.01669444,-3.184233
-1.484074,0.01747333,-3.184698
-1.498199,0.01357889,-3.180334
-1.494477,0.01435778,-3.181479
-1.490755,0.01513666,-3.182623
-1.487033,0.01591555,-3.183768
-1.484074,0.01669444,-3.184698
-1.482595,0.01747333,-3.185163
-1.496338,0.01357889,-3.180907
-1.492616,0.01435778,-3.182051
-1.488894,0.01513666,-3.183196
-1.485554,0.01591555,-3.184233
-1.482595,0.01669444,-3.185163
-1.481115,0.01747333,-3.185628
-1.481115,0.01669444,-3.185628
-1.484074,0.01591555,-3.184698
-1.482595,0.01591555,-3.185163
-1.481115,0.01591555,-3.185628
-1.487033,0.01513666,-3.183768
-1.490755,0.01435778,-3.182623
-1.485554,0.01513667,-3.184233
-1.482595,0.01513667,-3.185163
-1.481115,0.01513667,-3.185628
-1.484074,0.01513667,-3.184698
-1.488894,0.01435778,-3.183196
-1.482595,0.01435778,-3.185163
-1.481115,0.01435778,-3.185628
-1.487033,0.01435778,-3.183768
-1.484074,0.01435778,-3.184698
-1.485554,0.01435778,-3.184233
-1.482595,0.01357889,-3.185163
-1.481115,0.01357889,-3.185628
-1.484074,0.01357889,-3.184698
-1.485554,0.01357889,-3.184233
-1.487033,0.01357889,-3.183768
-1.488894,0.01357889,-3.183196
-1.482595,0.0128,-3.185163
-1.481115,0.0128,-3.185628
-1.484074,0.0128,-3.184698
-1.485554,0.0128,-3.184233
-1.487033,0.0128,-3.183768
-1.482595,0.01202111,-3.185163
-1.481115,0.01202111,-3.185628
-1.484074,0.01202111,-3.184698
-1.485554,0.01202111,-3.184233
-1.482595,0.01124222,-3.185163
-1.481115,0.01124222,-3.185628
-1.484074,0.01124222,-3.184698
-1.482595,0.01046333,-3.185163
-1.481115,0.01046333,-3.185628
-1.488894,0.0128,-3.183196
-1.487033,0.01202111,-3.183768
-1.485554,0.01124222,-3.184233
-1.484074,0.01046333,-3.184698
-1.482595,0.009684446,-3.185163
-1.481115,0.009684446,-3.185628
-1.488894,0.01202111,-3.183196
-1.487033,0.01124222,-3.183768
-1.485554,0.01046333,-3.184233
-1.484074,0.009684446,-3.184698
-1.482595,0.008905558,-3.185163
-1.481115,0.008905558,-3.185628
-1.482595,0.008126669,-3.185163
-1.481115,0.008126669,-3.185628
-1.484074,0.008126669,-3.184698
-1.484074,0.008905558,-3.184698
-1.485554,0.008126669,-3.184233
-1.485554,0.008905558,-3.184233
-1.487033,0.008126669,-3.183768
-1.485554,0.009684445,-3.184233
-1.487033,0.008905557,-3.183768
-1.488894,0.008126669,-3.183196
-1.487033,0.009684445,-3.183768
-1.488894,0.008905557,-3.183196
-1.490755,0.008126668,-3.182623
-1.487033,0.01046333,-3.183768
-1.490755,0.008905557,-3.182623
-1.492616,0.008126668,-3.182051
-1.488894,0.009684445,-3.183196
-1.488894,0.01046333,-3.183196
-1.492616,0.008905556,-3.182051
-1.494477,0.008126667,-3.181479
-1.490755,0.009684445,-3.182623
-1.488894,0.01124222,-3.183196
-1.494477,0.008905557,-3.181479
-1.496338,0.008126667,-3.180907
-1.492616,0.009684444,-3.182051
-1.490755,0.01046333,-3.182623
-1.490755,0.01124222,-3.182623
-1.496338,0.008905556,-3.180907
-1.498199,0.008126667,-3.180334
-1.494477,0.009684444,-3.181479
-1.492616,0.01046333,-3.182051
-1.490755,0.01202111,-3.182623
-1.498199,0.008905556,-3.180334
-1.50006,0.008126666,-3.179762
-1.496338,0.009684445,-3.180907
-1.492616,0.01124222,-3.182051
-1.494477,0.01046333,-3.181479
-1.490755,0.0128,-3.182623
-1.50006,0.008905555,-3.179762
-1.501921,0.008126667,-3.17919
-1.498199,0.009684443,-3.180334
-1.496338,0.01046333,-3.180907
-1.494477,0.01124222,-3.181479
-1.492616,0.01202111,-3.182051
-1.490755,0.01357889,-3.182623
-1.492616,0.0128,-3.182051
-1.492616,0.01357889,-3.182051
-1.494477,0.01202111,-3.181479
-1.496338,0.01124222,-3.180907
-1.494477,0.01357889,-3.181479
-1.494477,0.0128,-3.181479
-1.496338,0.0128,-3.180907
-1.496338,0.01202111,-3.180907
-1.498199,0.01046333,-3.180334
-1.498199,0.0128,-3.180334
-1.498199,0.01202111,-3.180334
-1.498199,0.01124222,-3.180334
-1.50006,0.009684444,-3.179762
-1.50006,0.0128,-3.179762
-1.50006,0.01046333,-3.179762
-1.50006,0.01202111,-3.179762
-1.50006,0.01124222,-3.179762
-1.501921,0.008905555,-3.17919
-1.503782,0.008126667,-3.178617
-1.501921,0.0128,-3.17919
-1.501921,0.009684444,-3.17919
-1.503782,0.008905555,-3.178617
-1.505643,0.008126666,-3.178045
-1.501921,0.01046333,-3.17919
-1.505643,0.008905555,-3.178045
-1.507504,0.008126667,-3.177473
-1.503782,0.009684444,-3.178617
-1.501921,0.01124222,-3.17919
-1.507504,0.008905555,-3.177473
-1.509365,0.008126666,-3.176901
-1.509365,0.008905553,-3.176901
-1.505643,0.009684444,-3.178045
-1.503782,0.01046333,-3.178617
-1.507504,0.009684444,-3.177473
-1.509365,0.009684443,-3.176901
-1.501921,0.01202111,-3.17919
-1.503782,0.01124222,-3.178617
-1.505643,0.01046333,-3.178045
-1.507504,0.01046333,-3.177473
-1.509365,0.01046333,-3.176901
-1.503782,0.01202111,-3.178617
-1.505643,0.01124222,-3.178045
-1.507504,0.01124222,-3.177473
-1.505643,0.01202111,-3.178045
-1.503782,0.0128,-3.178617
-1.481004,0.01747333,-3.185264
-1.481115,0.01747333,-3.185628
-1.482595,0.01747333,-3.185163
-1.482484,0.01747333,-3.184804
-1.480892,0.01747333,-3.1849
-1.484074,0.01747333,-3.184698
-1.482374,0.01747333,-3.184444
-1.48078,0.01747333,-3.184536
-1.483965,0.01747333,-3.184343
-1.485554,0.01747333,-3.184233
-1.482264,0.01747333,-3.184085
-1.480668,0.01747333,-3.184172
-1.482153,0.01747333,-3.183726
-1.483856,0.01747333,-3.183989
-1.485446,0.01747333,-3.183883
-1.487033,0.01747333,-3.183768
-1.483747,0.01747333,-3.183634
-1.483638,0.01747333,-3.183279
-1.486927,0.01747333,-3.183423
-1.488894,0.01747333,-3.183196
-1.485338,0.01747333,-3.183533
-1.485231,0.01747333,-3.183183
-1.485123,0.01747333,-3.182833
-1.488817,0.01747333,-3.182841
-1.490755,0.01747333,-3.182623
-1.486821,0.01747333,-3.183077
-1.486714,0.01747333,-3.182732
-1.486608,0.01747333,-3.182387
-1.490706,0.01747333,-3.18226
-1.492616,0.01747333,-3.182051
-1.488739,0.01747333,-3.182487
-1.488662,0.01747333,-3.182133
-1.488584,0.01747333,-3.181779
-1.492596,0.01747333,-3.181679
-1.494477,0.01747333,-3.181479
-1.490658,0.01747333,-3.181897
-1.490609,0.01747333,-3.181534
-1.490561,0.01747333,-3.181171
-1.494486,0.01747333,-3.181098
-1.496338,0.01747333,-3.180907
-1.492576,0.01747333,-3.181307
-1.492556,0.01747333,-3.180935
-1.492537,0.01747333,-3.180564
-1.496376,0.01747333,-3.180517
-1.498199,0.01747333,-3.180334
-1.494495,0.01747333,-3.180717
-1.494504,0.01747333,-3.180337
-1.494513,0.01747333,-3.179956
-1.498266,0.01747333,-3.179936
-1.50006,0.01747333,-3.179762
-1.496413,0.01747333,-3.180127
-1.496451,0.01747333,-3.179738
-1.496489,0.01747333,-3.179348
-1.500155,0.01747333,-3.179355
-1.501921,0.01747333,-3.17919
-1.498332,0.01747333,-3.179538
-1.498399,0.01747333,-3.179139
-1.500251,0.01747333,-3.178947
-1.502045,0.01747333,-3.178774
-1.502169,0.01747333,-3.178358
-1.510322,0.01669444,-3.175095
-1.508346,0.01747333,-3.175703
-1.510322,0.01747333,-3.175095
-1.508346,0.01669444,-3.175703
-1.510322,0.01591555,-3.175095
-1.506369,0.01747333,-3.17631
-1.508346,0.01591555,-3.175703
-1.510322,0.01513666,-3.175095
-1.506369,0.01669444,-3.17631
-1.504393,0.01747333,-3.176918
-1.508346,0.01513666,-3.175703
-1.510322,0.01435777,-3.175095
-1.506369,0.01591555,-3.17631
-1.504393,0.01669444,-3.176918
-1.502417,0.01747333,-3.177525
-1.508346,0.01435777,-3.175703
-1.510322,0.01357889,-3.175095
-1.506369,0.01513666,-3.17631
-1.502417,0.01669444,-3.177525
-1.500441,0.01747333,-3.178133
-1.504393,0.01591555,-3.176918
-1.508346,0.01357889,-3.175703
-1.510322,0.0128,-3.175095
-1.500441,0.01669444,-3.178133
-1.498465,0.01747333,-3.178741
-1.506369,0.01435777,-3.17631
-1.504393,0.01513666,-3.176918
-1.502417,0.01591555,-3.177525
-1.508346,0.0128,-3.175703
-1.510322,0.01202111,-3.175095
-1.498465,0.01669444,-3.178741
-1.496489,0.01747333,-3.179348
-1.506369,0.01357889,-3.17631
-1.504393,0.01435777,-3.176918
-1.502417,0.01513666,-3.177525
-1.500441,0.01591555,-3.178133
-1.508346,0.01202111,-3.175703
-1.510322,0.01124222,-3.175095
-1.496489,0.01669444,-3.179348
-1.494513,0.01747333,-3.179956
-1.506369,0.0128,-3.17631
-1.504393,0.01357889,-3.176918
-1.502417,0.01435777,-3.177525
-1.498465,0.01591555,-3.178741
-1.500441,0.01513666,-3.178133
-1.494513,0.01669444,-3.179956
-1.492537,0.01747333,-3.180564
-1.496489,0.01591555,-3.179348
-1.498465,0.01513666,-3.178741
-1.500441,0.01435777,-3.178133
-1.502417,0.01357889,-3.177525
-1.492537,0.01669444,-3.180564
-1.490561,0.01747333,-3.181171
-1.494513,0.01591555,-3.179956
-1.496489,0.01513666,-3.179348
-1.498465,0.01435777,-3.178741
-1.490561,0.01669444,-3.181171
-1.488584,0.01747333,-3.181779
-1.492537,0.01591555,-3.180564
-1.494513,0.01513666,-3.179956
-1.488584,0.01669444,-3.181779
-1.486608,0.01747333,-3.182387
-1.490561,0.01591555,-3.181171
-1.486608,0.01669444,-3.182387
-1.485123,0.01747333,-3.182833
-1.500441,0.01357889,-3.178133
-1.496489,0.01435778,-3.179348
-1.492537,0.01513666,-3.180564
-1.488584,0.01591555,-3.181779
-1.485123,0.01669444,-3.182833
-1.483638,0.01747333,-3.183279
-1.498465,0.01357889,-3.178741
-1.494513,0.01435778,-3.179956
-1.490561,0.01513666,-3.181171
-1.486608,0.01591555,-3.182387
-1.483638,0.01669444,-3.183279
-1.482153,0.01747333,-3.183726
-1.496489,0.01357889,-3.179348
-1.492537,0.01435778,-3.180564
-1.488584,0.01513666,-3.181779
-1.485123,0.01591555,-3.182833
-1.482153,0.01669444,-3.183726
-1.480668,0.01747333,-3.184172
-1.480668,0.01669444,-3.184172
-1.483638,0.01591555,-3.183279
-1.482153,0.01591555,-3.183726
-1.480668,0.01591555,-3.184172
-1.486608,0.01513666,-3.182387
-1.490561,0.01435778,-3.181171
-1.485123,0.01513667,-3.182833
-1.482153,0.01513667,-3.183726
-1.480668,0.01513667,-3.184172
-1.483638,0.01513667,-3.183279
-1.488584,0.01435778,-3.181779
-1.482153,0.01435778,-3.183726
-1.480668,0.01435778,-3.184172
-1.486608,0.01435778,-3.182387
-1.485123,0.01435778,-3.182833
-1.483638,0.01435778,-3.183279
-1.482153,0.01357889,-3.183726
-1.480668,0.01357889,-3.184172
-1.483638,0.01357889,-3.183279
-1.485123,0.01357889,-3.182833
-1.486608,0.01357889,-3.182387
-1.488584,0.01357889,-3.181779
-1.482153,0.0128,-3.183726
-1.480668,0.0128,-3.184172
-1.483638,0.0128,-3.183279
-1.485123,0.0128,-3.182833
-1.486608,0.0128,-3.182387
-1.482153,0.01202111,-3.183726
-1.480668,0.01202111,-3.184172
-1.483638,0.01202111,-3.183279
-1.485123,0.01202111,-3.182833
-1.482153,0.01124222,-3.183726
-1.480668,0.01124222,-3.184172
-1.483638,0.01124222,-3.183279
-1.482153,0.01046333,-3.183726
-1.480668,0.01046334,-3.184172
-1.488584,0.0128,-3.181779
-1.486608,0.01202111,-3.182387
-1.485123,0.01124222,-3.182833
-1.483638,0.01046333,-3.183279
-1.482153,0.009684446,-3.183726
-1.480668,0.009684446,-3.184172
-1.488584,0.01202111,-3.181779
-1.486608,0.01124222,-3.182387
-1.485123,0.01046333,-3.182833
-1.483638,0.009684446,-3.183279
-1.482153,0.008905558,-3.183726
-1.480668,0.008905558,-3.184172
-1.482153,0.008126669,-3.183726
-1.480668,0.008126669,-3.184172
-1.483638,0.008126669,-3.183279
-1.483638,0.008905558,-3.183279
-1.485123,0.008126669,-3.182833
-1.485123,0.008905557,-3.182833
-1.486608,0.008126669,-3.182387
-1.485123,0.009684445,-3.182833
-1.486608,0.008905557,-3.182387
-1.488584,0.008126669,-3.181779
-1.486608,0.009684445,-3.182387
-1.488584,0.008905557,-3.181779
-1.490561,0.008126669,-3.181171
-1.486608,0.01046333,-3.182387
-1.490561,0.008905557,-3.181171
-1.492537,0.008126667,-3.180564
-1.488584,0.009684445,-3.181779
-1.488584,0.01046333,-3.181779
-1.492537,0.008905556,-3.180564
-1.494513,0.008126667,-3.179956
-1.490561,0.009684445,-3.181171
-1.488584,0.01124222,-3.181779
-1.494513,0.008905557,-3.179956
-1.496489,0.008126667,-3.179348
-1.492537,0.009684444,-3.180564
-1.490561,0.01046333,-3.181171
-1.490561,0.01124222,-3.181171
-1.496489,0.008905557,-3.179348
-1.498465,0.008126667,-3.178741
-1.492537,0.01046333,-3.180564
-1.494513,0.009684444,-3.179956
-1.490561,0.01202111,-3.181171
-1.498465,0.008905556,-3.178741
-1.500441,0.008126667,-3.178133
-1.496489,0.009684444,-3.179348
-1.492537,0.01124222,-3.180564
-1.494513,0.01046333,-3.179956
-1.490561,0.0128,-3.181171
-1.500441,0.008905555,-3.178133
-1.502417,0.008126667,-3.177525
-1.498465,0.009684443,-3.178741
-1.496489,0.01046333,-3.179348
-1.494513,0.01124222,-3.179956
-1.492537,0.01202111,-3.180564
-1.490561,0.01357889,-3.181171
-1.492537,0.0128,-3.180564
-1.492537,0.01357889,-3.180564
-1.494513,0.01202111,-3.179956
-1.496489,0.01124222,-3.179348
-1.494513,0.0128,-3.179956
-1.494513,0.01357889,-3.179956
-1.496489,0.01202111,-3.179348
-1.496489,0.0128,-3.179348
-1.498465,0.01046333,-3.178741
-1.498465,0.0128,-3.178741
-1.498465,0.01124222,-3.178741
-1.498465,0.01202111,-3.178741
-1.500441,0.009684444,-3.178133
-1.500441,0.0128,-3.178133
-1.500441,0.01046333,-3.178133
-1.500441,0.01202111,-3.178133
-1.500441,0.01124222,-3.178133
-1.502417,0.008905555,-3.177525
-1.504393,0.008126666,-3.176918
-1.502417,0.0128,-3.177525
-1.502417,0.009684444,-3.177525
-1.504393,0.008905555,-3.176918
-1.506369,0.008126667,-3.17631
-1.502417,0.01046333,-3.177525
-1.502417,0.01124222,-3.177525
-1.502417,0.01202111,-3.177525
-1.504393,0.0128,-3.176918
-1.506369,0.008905555,-3.17631
-1.508346,0.008126666,-3.175703
-1.504393,0.01202111,-3.176918
-1.506369,0.01202111,-3.17631
-1.504393,0.01124222,-3.176918
-1.508346,0.01124222,-3.175703
-1.510322,0.01046333,-3.175095
-1.506369,0.01124222,-3.17631
-1.508346,0.01046333,-3.175703
-1.510322,0.009684443,-3.175095
-1.504393,0.01046333,-3.176918
-1.506369,0.01046333,-3.17631
-1.508346,0.009684443,-3.175703
-1.510322,0.008905553,-3.175095
-1.504393,0.009684444,-3.176918
-1.506369,0.009684444,-3.17631
-1.508346,0.008905553,-3.175703
-1.510322,0.008126666,-3.175095
-1.515875,0.008163195,-3.223628
-1.516012,0.008156891,-3.22404
-1.516042,0.008931792,-3.224032
-1.515904,0.008938098,-3.22362

